source1,source2,count
msn.com,reuters.com,5958
reuters.com,yahoo.com,5773
english.wafa.ps,wafa.ps,3794
msn.com,yahoo.com,3067
business-standard.com,reuters.com,2445
chron.com,sfgate.com,2398
channelnewsasia.com,reuters.com,2374
iheart.com,yahoo.com,1712
greenwichtime.com,thehour.com,1616
ctpost.com,greenwichtime.com,1502
ctpost.com,thehour.com,1488
newstimes.com,thehour.com,1483
greensboro.com,wacotrib.com,1379
greenwichtime.com,stamfordadvocate.com,1367
ctpost.com,newstimes.com,1364
greenwichtime.com,newstimes.com,1358
stamfordadvocate.com,thehour.com,1357
chieftain.com,wacotrib.com,1330
tucson.com,wacotrib.com,1300
ksl.com,tucson.com,1238
dailymail.co.uk,yahoo.com,1232
wfmz.com,yahoo.com,1223
chron.com,greenwichtime.com,1205
ctpost.com,stamfordadvocate.com,1195
newstimes.com,stamfordadvocate.com,1180
channelnewsasia.com,yahoo.com,1169
chron.com,washingtonpost.com,1169
chron.com,ctpost.com,1164
greensboro.com,wfmz.com,1156
chron.com,thehour.com,1152
chieftain.com,wfmz.com,1147
english.wafa.ps,palestinemonitor.org,1138
sfgate.com,washingtonpost.com,1136
chieftain.com,tucson.com,1114
business-standard.com,indiatimes.com,1112
chron.com,newstimes.com,1110
chron.com,greensboro.com,1094
chron.com,wacotrib.com,1094
ctpost.com,sfgate.com,1093
greensboro.com,tucson.com,1091
greenwichtime.com,sfgate.com,1091
greensboro.com,ksl.com,1086
registercitizen.com,thehour.com,1084
nhregister.com,registercitizen.com,1075
chron.com,nhregister.com,1067
tampabay.com,yahoo.com,1063
nzherald.co.nz,wfmz.com,1062
greenwichtime.com,nhregister.com,1055
wacotrib.com,wfmz.com,1047
chron.com,stamfordadvocate.com,1046
france24.com,yahoo.com,1043
ctpost.com,registercitizen.com,1036
ksl.com,wacotrib.com,1035
sfgate.com,thehour.com,1033
tucson.com,yahoo.com,1032
chieftain.com,greensboro.com,1031
ctpost.com,nhregister.com,1031
greenwichtime.com,registercitizen.com,1028
chieftain.com,ksl.com,1023
washingtonpost.com,wfmz.com,1023
ksl.com,yahoo.com,1021
wacotrib.com,washingtonpost.com,1020
ksl.com,wfmz.com,1020
newstimes.com,registercitizen.com,1016
wfmz.com,wsoctv.com,1012
nhregister.com,thehour.com,1007
tucson.com,wfmz.com,999
middletownpress.com,nhregister.com,997
greensboro.com,washingtonpost.com,997
washingtonpost.com,yahoo.com,993
middletownpress.com,registercitizen.com,985
chron.com,yahoo.com,983
greenwichtime.com,middletownpress.com,983
greensboro.com,yahoo.com,972
chieftain.com,nzherald.co.nz,966
beaumontenterprise.com,chron.com,965
ctpost.com,middletownpress.com,961
chron.com,registercitizen.com,961
newstimes.com,sfgate.com,960
tampabay.com,tucson.com,960
chron.com,wfmz.com,959
chron.com,nzherald.co.nz,947
nzherald.co.nz,wacotrib.com,943
ksl.com,washingtonpost.com,940
nzherald.co.nz,washingtonpost.com,936
registercitizen.com,stamfordadvocate.com,929
newstimes.com,nhregister.com,929
chron.com,seattlepi.com,926
tucson.com,washingtonpost.com,923
cbslocal.com,iheart.com,918
sfgate.com,yahoo.com,918
wacotrib.com,yahoo.com,913
greensboro.com,nzherald.co.nz,909
chron.com,mysanantonio.com,909
fredericksburg.com,tucson.com,906
msn.com,wfmz.com,901
chieftain.com,fredericksburg.com,899
chron.com,middletownpress.com,897
nhregister.com,stamfordadvocate.com,896
iheart.com,wfmz.com,894
middletownpress.com,thehour.com,893
chron.com,startribune.com,892
chron.com,tucson.com,879
sfgate.com,wacotrib.com,878
chieftain.com,tampabay.com,872
chron.com,wsoctv.com,870
registercitizen.com,sfgate.com,867
nzherald.co.nz,yahoo.com,867
sfgate.com,stamfordadvocate.com,865
chieftain.com,yahoo.com,864
nhregister.com,sfgate.com,860
sfgate.com,startribune.com,858
tampabay.com,wfmz.com,856
nzherald.co.nz,sfgate.com,851
chieftain.com,washingtonpost.com,846
dailymail.co.uk,reuters.com,840
business-standard.com,yahoo.com,829
nbcnews.com,reuters.com,829
ksl.com,nzherald.co.nz,825
chron.com,mynorthwest.com,823
business-standard.com,msn.com,816
dailymail.co.uk,msn.com,814
greensboro.com,wsoctv.com,812
chron.com,ksl.com,810
middletownpress.com,stamfordadvocate.com,810
ctpost.com,yahoo.com,807
seattlepi.com,sfgate.com,805
nzherald.co.nz,tucson.com,805
middletownpress.com,newstimes.com,804
startribune.com,washingtonpost.com,797
businessinsider.com,reuters.com,793
wsoctv.com,yahoo.com,792
startribune.com,wacotrib.com,776
fredericksburg.com,wacotrib.com,760
english.wafa.ps,reuters.com,756
middletownpress.com,sfgate.com,755
sfgate.com,wsoctv.com,755
ksl.com,tampabay.com,752
chron.com,lmtonline.com,752
thehour.com,yahoo.com,750
wacotrib.com,wsoctv.com,748
sfgate.com,wfmz.com,747
chieftain.com,chron.com,744
greenwichtime.com,washingtonpost.com,743
ctpost.com,seattlepi.com,742
sfgate.com,tucson.com,741
middletownpress.com,yahoo.com,740
startribune.com,wfmz.com,739
nzherald.co.nz,startribune.com,739
greensboro.com,sfgate.com,733
greenwichtime.com,yahoo.com,721
nhregister.com,yahoo.com,719
ctpost.com,wfmz.com,716
tampabay.com,wacotrib.com,714
greenwichtime.com,seattlepi.com,712
nhregister.com,seattlepi.com,709
mynorthwest.com,sfgate.com,705
greensboro.com,iheart.com,704
fredericksburg.com,ksl.com,703
businessinsider.com,yahoo.com,700
ctpost.com,wacotrib.com,698
ksl.com,sfgate.com,693
seattlepi.com,stamfordadvocate.com,691
ctpost.com,washingtonpost.com,686
ctpost.com,greensboro.com,685
thehour.com,washingtonpost.com,684
newstimes.com,yahoo.com,682
beaumontenterprise.com,sfgate.com,679
registercitizen.com,seattlepi.com,679
greenwichtime.com,wacotrib.com,675
cbslocal.com,greensboro.com,672
mynorthwest.com,washingtonpost.com,672
msn.com,nbcnews.com,671
nzherald.co.nz,wsoctv.com,671
beaumontenterprise.com,thehour.com,671
ksl.com,mynorthwest.com,670
seattlepi.com,thehour.com,667
thehour.com,wfmz.com,666
newstimes.com,washingtonpost.com,665
chieftain.com,wsoctv.com,664
greensboro.com,tampabay.com,664
dailymail.co.uk,foxnews.com,660
seattlepi.com,wfmz.com,657
startribune.com,tucson.com,657
washingtonpost.com,wsoctv.com,656
stamfordadvocate.com,yahoo.com,655
greenwichtime.com,wfmz.com,655
startribune.com,yahoo.com,651
registercitizen.com,yahoo.com,651
msn.com,washingtonpost.com,651
seattlepi.com,yahoo.com,648
ksl.com,startribune.com,647
indiatimes.com,yahoo.com,647
tampabay.com,washingtonpost.com,645
stamfordadvocate.com,wfmz.com,645
mynorthwest.com,wacotrib.com,644
chron.com,tampabay.com,642
newstimes.com,wacotrib.com,639
nhregister.com,wfmz.com,638
thehour.com,wacotrib.com,637
nytimes.com,reuters.com,636
greensboro.com,thehour.com,634
lmtonline.com,newstimes.com,633
greensboro.com,greenwichtime.com,633
fredericksburg.com,greensboro.com,633
registercitizen.com,wacotrib.com,632
cbslocal.com,wfmz.com,631
chron.com,msn.com,628
channelnewsasia.com,msn.com,626
mynorthwest.com,tucson.com,624
greensboro.com,newstimes.com,622
greensboro.com,startribune.com,620
ctpost.com,nzherald.co.nz,620
foxnews.com,yahoo.com,620
msn.com,sfgate.com,619
fredericksburg.com,yahoo.com,616
beaumontenterprise.com,greenwichtime.com,614
mysanantonio.com,sfgate.com,613
beaumontenterprise.com,newstimes.com,612
chieftain.com,sfgate.com,611
greensboro.com,stamfordadvocate.com,609
ctpost.com,msn.com,607
middletownpress.com,seattlepi.com,606
nhregister.com,wacotrib.com,605
beaumontenterprise.com,ctpost.com,605
msn.com,tampabay.com,604
beaumontenterprise.com,registercitizen.com,603
mynorthwest.com,wfmz.com,602
middletownpress.com,wfmz.com,601
stamfordadvocate.com,washingtonpost.com,601
lmtonline.com,thehour.com,596
ctpost.com,tucson.com,596
greenwichtime.com,nzherald.co.nz,588
greensboro.com,mynorthwest.com,588
fredericksburg.com,nzherald.co.nz,588
newstimes.com,seattlepi.com,587
newstimes.com,wfmz.com,587
seattlepi.com,wacotrib.com,587
nhregister.com,washingtonpost.com,584
greensboro.com,indiatimes.com,584
france24.com,msn.com,582
registercitizen.com,wfmz.com,581
lmtonline.com,sfgate.com,579
stamfordadvocate.com,wacotrib.com,577
registercitizen.com,washingtonpost.com,577
tucson.com,wsoctv.com,575
nhregister.com,nzherald.co.nz,574
greensboro.com,registercitizen.com,574
ctpost.com,ksl.com,574
nzherald.co.nz,seattlepi.com,573
beaumontenterprise.com,nhregister.com,573
chieftain.com,ctpost.com,572
dailymail.co.uk,english.wafa.ps,571
nbcnews.com,yahoo.com,570
middletownpress.com,wacotrib.com,567
msn.com,tucson.com,567
chieftain.com,greenwichtime.com,567
msn.com,newstimes.com,566
ksl.com,wsoctv.com,565
nhregister.com,tucson.com,562
mynorthwest.com,yahoo.com,561
cbslocal.com,yahoo.com,558
msn.com,thehour.com,558
chieftain.com,nhregister.com,558
seattlepi.com,washingtonpost.com,557
middletownpress.com,washingtonpost.com,557
greensboro.com,msn.com,553
greensboro.com,nhregister.com,551
greenwichtime.com,lmtonline.com,551
greensboro.com,seattlepi.com,550
greenwichtime.com,tucson.com,548
ksl.com,msn.com,547
mynorthwest.com,startribune.com,544
chieftain.com,registercitizen.com,544
chieftain.com,msn.com,544
nzherald.co.nz,thehour.com,542
indiatimes.com,reuters.com,538
fredericksburg.com,wfmz.com,537
greensboro.com,middletownpress.com,537
nzherald.co.nz,tampabay.com,536
dailymail.co.uk,iheart.com,535
chieftain.com,seattlepi.com,535
reuters.com,washingtonpost.com,535
dailymail.co.uk,washingtonpost.com,532
fredericksburg.com,tampabay.com,531
nzherald.co.nz,registercitizen.com,528
chieftain.com,stamfordadvocate.com,526
chieftain.com,thehour.com,526
thehour.com,tucson.com,526
greenwichtime.com,ksl.com,526
newstimes.com,nzherald.co.nz,524
nzherald.co.nz,stamfordadvocate.com,524
chieftain.com,startribune.com,524
seattlepi.com,tucson.com,523
startribune.com,wsoctv.com,521
mynorthwest.com,nzherald.co.nz,520
iheart.com,nbcnews.com,517
beaumontenterprise.com,yahoo.com,516
beaumontenterprise.com,mysanantonio.com,514
middletownpress.com,tucson.com,513
tampabay.com,wsoctv.com,512
beaumontenterprise.com,wacotrib.com,509
ksl.com,middletownpress.com,508
middletownpress.com,nzherald.co.nz,507
beaumontenterprise.com,middletownpress.com,506
beaumontenterprise.com,lmtonline.com,506
dailymail.co.uk,sfgate.com,506
ksl.com,thehour.com,504
ksl.com,nhregister.com,503
chron.com,dailymail.co.uk,502
ctpost.com,mynorthwest.com,500
ksl.com,seattlepi.com,499
registercitizen.com,tucson.com,497
msn.com,nzherald.co.nz,494
ksl.com,registercitizen.com,492
msn.com,nhregister.com,492
ctpost.com,startribune.com,492
beaumontenterprise.com,stamfordadvocate.com,490
chieftain.com,newstimes.com,488
ctpost.com,wsoctv.com,487
greenwichtime.com,startribune.com,484
newstimes.com,tucson.com,483
msn.com,registercitizen.com,483
ctpost.com,lmtonline.com,481
beaumontenterprise.com,greensboro.com,481
chron.com,fredericksburg.com,480
msn.com,wacotrib.com,479
chieftain.com,mynorthwest.com,478
greenwichtime.com,mysanantonio.com,476
beaumontenterprise.com,seattlepi.com,474
chieftain.com,middletownpress.com,473
foxnews.com,msn.com,471
fredericksburg.com,washingtonpost.com,466
indiatimes.com,wfmz.com,465
gwdtoday.com,zazoom.it,464
ctpost.com,mysanantonio.com,464
thehour.com,wsoctv.com,461
beaumontenterprise.com,washingtonpost.com,454
businessinsider.com,msn.com,454
greenwichtime.com,wsoctv.com,452
beaumontenterprise.com,tucson.com,449
seattlepi.com,wsoctv.com,449
foxnews.com,reuters.com,447
cbslocal.com,chron.com,444
ksl.com,newstimes.com,442
mysanantonio.com,thehour.com,442
beaumontenterprise.com,nzherald.co.nz,442
lmtonline.com,registercitizen.com,441
mynorthwest.com,thehour.com,441
greenwichtime.com,mynorthwest.com,440
mynorthwest.com,seattlepi.com,440
lmtonline.com,washingtonpost.com,439
msn.com,stamfordadvocate.com,439
greenwichtime.com,msn.com,438
sfgate.com,tampabay.com,436
mysanantonio.com,wacotrib.com,434
chron.com,indiatimes.com,434
middletownpress.com,msn.com,432
stamfordadvocate.com,tucson.com,431
fredericksburg.com,sfgate.com,431
cbslocal.com,wacotrib.com,430
mynorthwest.com,tampabay.com,429
ksl.com,stamfordadvocate.com,429
middletownpress.com,mysanantonio.com,428
newstimes.com,wsoctv.com,428
mysanantonio.com,yahoo.com,426
greensboro.com,mysanantonio.com,425
registercitizen.com,wsoctv.com,423
nhregister.com,wsoctv.com,423
indiatimes.com,wacotrib.com,422
startribune.com,tampabay.com,422
startribune.com,thehour.com,422
mysanantonio.com,nhregister.com,420
msn.com,wsoctv.com,418
mynorthwest.com,newstimes.com,418
wafa.ps,wfmz.com,416
reuters.com,sfgate.com,416
mynorthwest.com,wsoctv.com,415
mysanantonio.com,registercitizen.com,413
iheart.com,startribune.com,413
stamfordadvocate.com,wsoctv.com,413
beaumontenterprise.com,ksl.com,411
mynorthwest.com,stamfordadvocate.com,411
middletownpress.com,wsoctv.com,411
cbslocal.com,washingtonpost.com,410
nhregister.com,startribune.com,408
reuters.com,wfmz.com,408
middletownpress.com,startribune.com,408
seattlepi.com,tampabay.com,407
stamfordadvocate.com,startribune.com,406
indiatimes.com,msn.com,406
beaumontenterprise.com,wfmz.com,405
iheart.com,msn.com,404
mysanantonio.com,tucson.com,403
fasopresse.net,sputniknews.com,403
lmtonline.com,stamfordadvocate.com,400
mysanantonio.com,newstimes.com,400
newstimes.com,startribune.com,399
middletownpress.com,mynorthwest.com,399
middletownpress.com,tampabay.com,397
mynorthwest.com,registercitizen.com,393
beaumontenterprise.com,chieftain.com,392
registercitizen.com,startribune.com,389
lmtonline.com,nhregister.com,389
ksl.com,mysanantonio.com,388
iheart.com,sputniknews.com,387
nhregister.com,tampabay.com,387
foxnews.com,washingtonpost.com,386
dailymail.co.uk,nzherald.co.nz,384
ctpost.com,fredericksburg.com,384
dailymail.co.uk,wfmz.com,383
mysanantonio.com,washingtonpost.com,383
mysanantonio.com,wfmz.com,383
cbslocal.com,msn.com,382
mynorthwest.com,nhregister.com,382
lmtonline.com,yahoo.com,381
ctpost.com,tampabay.com,381
tampabay.com,thehour.com,381
mysanantonio.com,seattlepi.com,379
seattlepi.com,startribune.com,379
indiatimes.com,wsoctv.com,378
beaumontenterprise.com,mynorthwest.com,374
indiatimes.com,nzherald.co.nz,373
mysanantonio.com,stamfordadvocate.com,369
iheart.com,indiatimes.com,369
palestinemonitor.org,wafa.ps,368
english.wafa.ps,yahoo.com,368
lmtonline.com,wacotrib.com,368
indiatimes.com,washingtonpost.com,367
msn.com,mynorthwest.com,366
dailymail.co.uk,nbcnews.com,365
cbslocal.com,wsoctv.com,364
fredericksburg.com,msn.com,362
fredericksburg.com,startribune.com,356
fredericksburg.com,thehour.com,354
chron.com,reuters.com,353
lmtonline.com,mysanantonio.com,353
beaumontenterprise.com,tampabay.com,348
indiatimes.com,sfgate.com,348
iheart.com,washingtonpost.com,347
newstimes.com,tampabay.com,347
dailymail.co.uk,greensboro.com,345
fredericksburg.com,nhregister.com,345
greenwichtime.com,tampabay.com,345
cbslocal.com,sfgate.com,340
registercitizen.com,tampabay.com,339
chieftain.com,mysanantonio.com,338
nzherald.co.nz,reuters.com,337
beaumontenterprise.com,startribune.com,332
wafa.ps,yahoo.com,332
msn.com,wafa.ps,332
fredericksburg.com,mynorthwest.com,331
ksl.com,lmtonline.com,330
fredericksburg.com,greenwichtime.com,326
dailymail.co.uk,wacotrib.com,325
chieftain.com,reuters.com,325
fredericksburg.com,seattlepi.com,324
dailymail.co.uk,ksl.com,324
fredericksburg.com,wsoctv.com,317
lmtonline.com,tucson.com,317
mynorthwest.com,mysanantonio.com,317
beaumontenterprise.com,msn.com,315
lmtonline.com,middletownpress.com,314
businessinsider.com,iheart.com,313
english.wafa.ps,msn.com,312
mysanantonio.com,nzherald.co.nz,312
cbslocal.com,tampabay.com,311
mysanantonio.com,startribune.com,311
lmtonline.com,seattlepi.com,310
fredericksburg.com,newstimes.com,310
chieftain.com,indiatimes.com,309
msn.com,seattlepi.com,309
dailymail.co.uk,greenwichtime.com,308
reuters.com,wacotrib.com,307
businessinsider.com,wfmz.com,307
fredericksburg.com,registercitizen.com,306
cbslocal.com,ksl.com,306
ctpost.com,dailymail.co.uk,306
fredericksburg.com,middletownpress.com,304
reuters.com,wsoctv.com,304
cbslocal.com,tucson.com,302
dailymail.co.uk,wsoctv.com,302
chron.com,nbcnews.com,300
ksl.com,reuters.com,298
indiatimes.com,ksl.com,298
stamfordadvocate.com,tampabay.com,297
businessinsider.com,greensboro.com,295
beaumontenterprise.com,wsoctv.com,294
greensboro.com,lmtonline.com,294
gwdtoday.com,indiatimes.com,292
dailymail.co.uk,newstimes.com,292
nbcnews.com,wafa.ps,290
indiatimes.com,startribune.com,290
cbslocal.com,dailymail.co.uk,289
cbslocal.com,ctpost.com,283
ctpost.com,reuters.com,283
greensboro.com,reuters.com,283
mysanantonio.com,wsoctv.com,282
cbc.ca,msn.com,282
cbslocal.com,indiatimes.com,281
nbcnews.com,sfgate.com,281
foxnews.com,nbcnews.com,281
channelnewsasia.com,france24.com,280
cbslocal.com,newstimes.com,278
foxnews.com,sfgate.com,278
cbslocal.com,nzherald.co.nz,275
ctpost.com,indiatimes.com,274
business-standard.com,fasopresse.net,273
cbslocal.com,chieftain.com,272
chieftain.com,dailymail.co.uk,272
lmtonline.com,startribune.com,272
fredericksburg.com,stamfordadvocate.com,271
cbslocal.com,greenwichtime.com,270
greenwichtime.com,reuters.com,268
nbcnews.com,washingtonpost.com,268
lmtonline.com,wfmz.com,268
dailymail.co.uk,startribune.com,267
greenwichtime.com,indiatimes.com,265
msn.com,startribune.com,265
registercitizen.com,reuters.com,265
dailymail.co.uk,nhregister.com,263
cbslocal.com,stamfordadvocate.com,262
dailymail.co.uk,mysanantonio.com,262
cbc.ca,yahoo.com,261
lmtonline.com,mynorthwest.com,260
indiatimes.com,registercitizen.com,259
cbslocal.com,thehour.com,259
dailymail.co.uk,stamfordadvocate.com,258
indiatimes.com,thehour.com,257
dailymail.co.uk,middletownpress.com,257
beaumontenterprise.com,fredericksburg.com,257
mysanantonio.com,tampabay.com,256
ctpost.com,iheart.com,255
businessinsider.com,ctpost.com,255
dailymail.co.uk,thehour.com,254
dw.com,english.wafa.ps,254
indiatimes.com,middletownpress.com,254
dailymail.co.uk,tampabay.com,250
english.wafa.ps,xinhuanet.com,250
cbslocal.com,startribune.com,249
cbslocal.com,registercitizen.com,249
dailymail.co.uk,indiatimes.com,249
chron.com,iheart.com,249
nhregister.com,reuters.com,247
dailymail.co.uk,france24.com,247
indiatimes.com,stamfordadvocate.com,245
reuters.com,tampabay.com,245
indiatimes.com,newstimes.com,243
businessinsider.com,thehour.com,242
cbslocal.com,nhregister.com,241
middletownpress.com,reuters.com,239
indiatimes.com,nhregister.com,237
dailymail.co.uk,wafa.ps,237
dawn.com,indiatimes.com,237
msn.com,mysanantonio.com,236
businessinsider.com,greenwichtime.com,236
dailymail.co.uk,registercitizen.com,234
newstimes.com,reuters.com,234
chron.com,foxnews.com,233
dailymail.co.uk,tucson.com,233
businessinsider.com,newstimes.com,232
cbslocal.com,reuters.com,231
reuters.com,thehour.com,231
reuters.com,tucson.com,229
cbslocal.com,seattlepi.com,229
indiatimes.com,mynorthwest.com,228
reuters.com,zazoom.it,227
nbcnews.com,wfmz.com,225
nytimes.com,yahoo.com,225
cbslocal.com,middletownpress.com,225
dw.com,msn.com,224
greensboro.com,nbcnews.com,223
couriermail.com.au,dailymail.co.uk,223
dailymail.co.uk,mynorthwest.com,222
reuters.com,stamfordadvocate.com,222
reuters.com,tribunnews.com,219
foxnews.com,greenwichtime.com,218
fredericksburg.com,mysanantonio.com,218
cbslocal.com,mynorthwest.com,217
businessinsider.com,stamfordadvocate.com,216
beaumontenterprise.com,dailymail.co.uk,216
businessinsider.com,wsoctv.com,215
lmtonline.com,nzherald.co.nz,215
chieftain.com,lmtonline.com,215
foxnews.com,greensboro.com,214
dailymail.co.uk,seattlepi.com,213
businessinsider.com,indiatimes.com,210
nbcnews.com,wsoctv.com,209
ksl.com,wafa.ps,208
startribune.com,wafa.ps,208
indiatimes.com,tucson.com,208
greensboro.com,wafa.ps,208
nzherald.co.nz,wafa.ps,208
mynorthwest.com,wafa.ps,208
wafa.ps,washingtonpost.com,208
iheart.com,ksl.com,207
business-standard.com,wfmz.com,207
fredericksburg.com,lmtonline.com,206
indiatimes.com,tampabay.com,206
foxnews.com,thehour.com,205
indiatimes.com,seattlepi.com,204
businessinsider.com,chron.com,202
cbc.ca,iheart.com,202
businessinsider.com,middletownpress.com,201
foxnews.com,nzherald.co.nz,201
beaumontenterprise.com,cbslocal.com,201
nbcnews.com,nzherald.co.nz,200
iheart.com,lmtonline.com,200
businessinsider.com,registercitizen.com,200
lmtonline.com,tampabay.com,199
sputniknews.com,wafa.ps,198
lmtonline.com,msn.com,197
nbcnews.com,wacotrib.com,194
lmtonline.com,wsoctv.com,193
iheart.com,xinhuanet.com,193
msn.com,nytimes.com,193
business-standard.com,dailymail.co.uk,192
reuters.com,ziarelive.ro,192
businessinsider.com,dailymail.co.uk,191
reuters.com,seattlepi.com,191
businessinsider.com,nhregister.com,189
foxnews.com,wacotrib.com,188
business-standard.com,dawn.com,188
businessinsider.com,wacotrib.com,186
foxnews.com,nhregister.com,184
reuters.com,startribune.com,184
english.wafa.ps,sputniknews.com,184
dw.com,reuters.com,182
chieftain.com,nbcnews.com,179
msn.com,tribunnews.com,179
mynorthwest.com,reuters.com,179
business-standard.com,gwdtoday.com,178
foxnews.com,wfmz.com,177
dailymail.co.uk,lmtonline.com,177
foxnews.com,wsoctv.com,177
businessinsider.com,tampabay.com,175
beaumontenterprise.com,indiatimes.com,175
gwdtoday.com,nhregister.com,175
businessinsider.com,gwdtoday.com,174
nbcnews.com,newstimes.com,173
business-standard.com,nbcnews.com,170
cbslocal.com,foxnews.com,170
chieftain.com,foxnews.com,168
business-standard.com,greensboro.com,168
beaumontenterprise.com,reuters.com,167
france24.com,wafa.ps,166
cbslocal.com,mysanantonio.com,164
foxnews.com,ksl.com,164
nbcnews.com,registercitizen.com,163
business-standard.com,chron.com,163
foxnews.com,stamfordadvocate.com,162
business-standard.com,washingtonpost.com,162
indiatimes.com,mysanantonio.com,162
business-standard.com,tampabay.com,162
reuters.com,sputniknews.com,161
reuters.com,wafa.ps,160
fredericksburg.com,reuters.com,160
nbcnews.com,nhregister.com,158
greenwichtime.com,nbcnews.com,157
business-standard.com,nzherald.co.nz,157
foxnews.com,newstimes.com,157
nbcnews.com,thehour.com,156
foxnews.com,iheart.com,155
nbcnews.com,tampabay.com,155
ctpost.com,nbcnews.com,155
businessinsider.com,cbslocal.com,154
businessinsider.com,washingtonpost.com,153
businessinsider.com,nzherald.co.nz,152
indiatimes.com,tribunnews.com,151
ksl.com,nbcnews.com,151
businessinsider.com,chieftain.com,150
nbcnews.com,stamfordadvocate.com,150
iheart.com,tribunnews.com,149
businessinsider.com,sfgate.com,149
businessinsider.com,channelnewsasia.com,149
businessinsider.com,ksl.com,147
iheart.com,wsoctv.com,146
nbcnews.com,seattlepi.com,146
business-standard.com,sfgate.com,145
foxnews.com,tampabay.com,145
france24.com,indiatimes.com,143
businessinsider.com,tucson.com,142
ctpost.com,foxnews.com,142
dawn.com,yahoo.com,141
channelnewsasia.com,indiatimes.com,140
foxnews.com,registercitizen.com,140
chieftain.com,iheart.com,139
channelnewsasia.com,dailymail.co.uk,139
iheart.com,wacotrib.com,139
business-standard.com,wsoctv.com,137
middletownpress.com,nbcnews.com,134
business-standard.com,foxnews.com,134
nbcnews.com,tucson.com,132
dw.com,iheart.com,132
dailymail.co.uk,nt.am,128
dawn.com,msn.com,128
english.wafa.ps,france24.com,128
msn.com,sputniknews.com,128
dailymail.co.uk,fredericksburg.com,127
nytimes.com,sfgate.com,126
lmtonline.com,reuters.com,126
couriermail.com.au,yahoo.com,125
nbcnews.com,startribune.com,125
sputniknews.com,yahoo.com,125
indiatimes.com,nbcnews.com,125
foxnews.com,startribune.com,124
businessinsider.com,startribune.com,124
foxnews.com,tucson.com,123
business-standard.com,nhregister.com,122
business-standard.com,chieftain.com,120
business-standard.com,businessinsider.com,120
business-standard.com,tucson.com,120
cbc.ca,reuters.com,120
cbslocal.com,nbcnews.com,119
business-standard.com,registercitizen.com,118
dailymail.co.uk,nytimes.com,118
gwdtoday.com,tribunnews.com,118
gwdtoday.com,newstimes.com,117
ctpost.com,gwdtoday.com,117
foxnews.com,middletownpress.com,117
gwdtoday.com,washingtonpost.com,116
gwdtoday.com,thehour.com,116
gwdtoday.com,middletownpress.com,116
gwdtoday.com,stamfordadvocate.com,116
business-standard.com,wacotrib.com,116
gwdtoday.com,registercitizen.com,116
greenwichtime.com,gwdtoday.com,116
gwdtoday.com,wfmz.com,116
businessinsider.com,foxnews.com,114
indiatimes.com,ziarelive.ro,114
businessinsider.com,english.wafa.ps,114
businessinsider.com,mynorthwest.com,112
foxnews.com,mysanantonio.com,112
chron.com,nytimes.com,112
business-standard.com,cbslocal.com,112
foxnews.com,indiatimes.com,112
foxnews.com,seattlepi.com,111
france24.com,reuters.com,111
businessinsider.com,seattlepi.com,110
dw.com,yahoo.com,110
business-standard.com,ksl.com,109
channelnewsasia.com,nytimes.com,109
business-standard.com,ziarelive.ro,109
business-standard.com,channelnewsasia.com,108
businessinsider.com,nbcnews.com,108
mysanantonio.com,nbcnews.com,108
nytimes.com,washingtonpost.com,107
business-standard.com,ctpost.com,106
business-standard.com,middletownpress.com,106
msn.com,zazoom.it,106
greenwichtime.com,iheart.com,105
indiatimes.com,zazoom.it,105
business-standard.com,seattlepi.com,102
dailymail.co.uk,zazoom.it,101
iheart.com,thehour.com,101
iheart.com,middletownpress.com,101
iheart.com,stamfordadvocate.com,101
tribunnews.com,ziarelive.ro,100
iheart.com,ziarelive.ro,100
businessinsider.com,mysanantonio.com,100
yahoo.com,zazoom.it,100
business-standard.com,mynorthwest.com,100
mysanantonio.com,reuters.com,100
yahoo.com,ziarelive.ro,99
mynorthwest.com,nbcnews.com,98
cbc.ca,wfmz.com,98
cbslocal.com,lmtonline.com,97
ghanaweb.com,iheart.com,97
iheart.com,newstimes.com,96
business-standard.com,france24.com,95
dailymail.co.uk,dawn.com,95
business-standard.com,thehour.com,95
business-standard.com,newstimes.com,94
iheart.com,nhregister.com,93
iheart.com,registercitizen.com,93
dailymail.co.uk,tribunnews.com,93
beaumontenterprise.com,nbcnews.com,92
couriermail.com.au,msn.com,92
msn.com,ziarelive.ro,92
dailymail.co.uk,ziarelive.ro,91
cbc.ca,nzherald.co.nz,89
beaumontenterprise.com,foxnews.com,88
tribunnews.com,yahoo.com,88
tribunnews.com,zazoom.it,86
fredericksburg.com,nbcnews.com,86
nytimes.com,startribune.com,85
cbc.ca,dailymail.co.uk,84
msn.com,time.mk,84
dawn.com,reuters.com,84
business-standard.com,tribunnews.com,84
nytimes.com,nzherald.co.nz,83
cbc.ca,tucson.com,83
businessinsider.com,wafa.ps,82
beaumontenterprise.com,businessinsider.com,82
business-standard.com,greenwichtime.com,82
business-standard.com,stamfordadvocate.com,82
beaumontenterprise.com,business-standard.com,80
foxnews.com,fredericksburg.com,79
msn.com,xinhuanet.com,78
dailymail.co.uk,sputniknews.com,77
cbc.ca,fredericksburg.com,76
business-standard.com,fredericksburg.com,75
business-standard.com,startribune.com,74
lmtonline.com,nbcnews.com,73
chron.com,english.wafa.ps,73
english.wafa.ps,tampabay.com,73
english.wafa.ps,sfgate.com,73
english.wafa.ps,nzherald.co.nz,73
english.wafa.ps,startribune.com,73
english.wafa.ps,tucson.com,73
english.wafa.ps,washingtonpost.com,73
cbc.ca,greensboro.com,73
english.wafa.ps,ksl.com,73
english.wafa.ps,seattlepi.com,73
english.wafa.ps,fredericksburg.com,73
foxnews.com,mynorthwest.com,71
dawn.com,thenews.com.pk,71
dawn.com,wafa.ps,71
foxnews.com,nytimes.com,70
indiatimes.com,lmtonline.com,70
thenews.com.pk,yahoo.com,68
foxnews.com,lmtonline.com,68
ghanaweb.com,yahoo.com,68
couriermail.com.au,nzherald.co.nz,67
cbc.ca,thehour.com,67
ksl.com,nytimes.com,67
cbc.ca,tampabay.com,65
cbc.ca,ctpost.com,65
dailymail.co.uk,xinhuanet.com,64
nytimes.com,tucson.com,64
nbcnews.com,nytimes.com,64
cbslocal.com,fredericksburg.com,64
nt.am,zazoom.it,64
businessinsider.com,fredericksburg.com,64
foxnews.com,france24.com,64
reuters.com,xinhuanet.com,63
xinhuanet.com,yahoo.com,62
businessinsider.com,zazoom.it,61
business-standard.com,mysanantonio.com,60
nytimes.com,wacotrib.com,60
cbc.ca,ksl.com,59
ghanaweb.com,sfgate.com,59
cbc.ca,nhregister.com,59
greenwichtime.com,nytimes.com,58
iheart.com,sfgate.com,57
time.mk,tucson.com,57
france24.com,sfgate.com,57
time.mk,yahoo.com,57
business-standard.com,dw.com,57
nytimes.com,stamfordadvocate.com,57
business-standard.com,zazoom.it,56
cbc.ca,chieftain.com,55
france24.com,washingtonpost.com,54
cbslocal.com,tribunnews.com,54
dawn.com,nzherald.co.nz,54
cbc.ca,tribunnews.com,54
tribunnews.com,wfmz.com,54
chron.com,dawn.com,53
ghanaweb.com,reuters.com,53
nytimes.com,thehour.com,53
newstimes.com,nytimes.com,52
dawn.com,tampabay.com,52
france24.com,nzherald.co.nz,52
nzherald.co.nz,tribunnews.com,51
chron.com,france24.com,51
beaumontenterprise.com,cbc.ca,50
greensboro.com,nytimes.com,50
english.wafa.ps,nbcnews.com,50
cbc.ca,wacotrib.com,50
businessinsider.com,nytimes.com,50
france24.com,wfmz.com,49
ctpost.com,nytimes.com,49
cbc.ca,middletownpress.com,49
fasopresse.net,yahoo.com,48
ghanaweb.com,tampabay.com,48
cbc.ca,sfgate.com,48
nytimes.com,wfmz.com,48
ghanaweb.com,msn.com,47
chron.com,ziarelive.ro,47
dawn.com,france24.com,47
channelnewsasia.com,washingtonpost.com,46
sfgate.com,ziarelive.ro,46
cbc.ca,foxnews.com,46
fasopresse.net,wafa.ps,46
nytimes.com,seattlepi.com,46
business-standard.com,cbc.ca,46
mynorthwest.com,nytimes.com,46
time.mk,ziarelive.ro,46
time.mk,zazoom.it,45
cbc.ca,registercitizen.com,45
ghanaweb.com,washingtonpost.com,45
dw.com,time.mk,45
dw.com,sputniknews.com,45
businessinsider.com,lmtonline.com,44
france24.com,tampabay.com,44
france24.com,nbcnews.com,44
cbc.ca,newstimes.com,44
iheart.com,reuters.com,44
dw.com,nbcnews.com,43
cbc.ca,wsoctv.com,43
reuters.com,time.mk,43
cbc.ca,washingtonpost.com,42
lmtonline.com,nytimes.com,42
msn.com,thenews.com.pk,42
indiatimes.com,thenews.com.pk,42
allafrica.com,yahoo.com,42
dawn.com,greensboro.com,42
cbc.ca,chron.com,42
nzherald.co.nz,zazoom.it,42
wfmz.com,zazoom.it,41
dawn.com,wfmz.com,41
fasopresse.net,palestinemonitor.org,40
business-standard.com,sputniknews.com,40
fredericksburg.com,nytimes.com,40
dawn.com,nbcnews.com,40
dawn.com,foxnews.com,40
msn.com,palestinemonitor.org,40
channelnewsasia.com,sfgate.com,39
channelnewsasia.com,dawn.com,39
business-standard.com,nytimes.com,39
dailymail.co.uk,ghanaweb.com,39
allafrica.com,dailymail.co.uk,39
nhregister.com,nytimes.com,39
thehour.com,zazoom.it,38
chron.com,ghanaweb.com,38
channelnewsasia.com,foxnews.com,38
france24.com,sputniknews.com,38
ghanaweb.com,zazoom.it,38
cbc.ca,indiatimes.com,38
dailymail.co.uk,palestinemonitor.org,38
nhregister.com,zazoom.it,38
businessinsider.com,cbc.ca,37
france24.com,wsoctv.com,37
fasopresse.net,msn.com,37
dailymail.co.uk,dw.com,37
fredericksburg.com,indiatimes.com,37
chieftain.com,france24.com,37
newstimes.com,zazoom.it,37
channelnewsasia.com,wfmz.com,37
fasopresse.net,foxnews.com,36
nytimes.com,wsoctv.com,36
business-standard.com,thenews.com.pk,36
channelnewsasia.com,chron.com,36
ctpost.com,ghanaweb.com,36
cbc.ca,stamfordadvocate.com,36
sputniknews.com,wfmz.com,36
fasopresse.net,reuters.com,35
ghanaweb.com,middletownpress.com,35
ghanaweb.com,greenwichtime.com,35
sputniknews.com,ziarelive.ro,35
ksl.com,time.mk,35
registercitizen.com,zazoom.it,35
dawn.com,sfgate.com,35
cbc.ca,mynorthwest.com,35
tribunnews.com,washingtonpost.com,34
wsoctv.com,ziarelive.ro,34
ctpost.com,zazoom.it,34
ghanaweb.com,stamfordadvocate.com,34
cbc.ca,cbslocal.com,34
france24.com,greensboro.com,34
chron.com,zazoom.it,34
dawn.com,washingtonpost.com,34
couriermail.com.au,sfgate.com,34
cbslocal.com,nytimes.com,33
businessinsider.com,france24.com,33
foxnews.com,sputniknews.com,33
washingtonpost.com,ziarelive.ro,33
zazoom.it,ziarelive.ro,33
couriermail.com.au,tampabay.com,32
nzherald.co.nz,ziarelive.ro,32
cbc.ca,seattlepi.com,32
dailymail.co.uk,time.mk,32
couriermail.com.au,reuters.com,32
cbslocal.com,dawn.com,32
ghanaweb.com,thehour.com,32
iheart.com,nzherald.co.nz,32
allafrica.com,wfmz.com,32
chron.com,couriermail.com.au,31
channelnewsasia.com,tribunnews.com,31
ghanaweb.com,newstimes.com,31
france24.com,wacotrib.com,31
channelnewsasia.com,tampabay.com,31
channelnewsasia.com,ksl.com,31
indiatimes.com,sputniknews.com,31
businessinsider.com,ziarelive.ro,31
dawn.com,seattlepi.com,31
washingtonpost.com,zazoom.it,31
dailymail.co.uk,fasopresse.net,31
time.mk,wfmz.com,31
mysanantonio.com,nytimes.com,31
couriermail.com.au,tucson.com,31
channelnewsasia.com,nbcnews.com,31
france24.com,ksl.com,31
channelnewsasia.com,wacotrib.com,30
dawn.com,wacotrib.com,30
nytimes.com,registercitizen.com,30
channelnewsasia.com,thenews.com.pk,30
wfmz.com,ziarelive.ro,30
dw.com,washingtonpost.com,30
france24.com,greenwichtime.com,30
time.mk,tribunnews.com,30
ctpost.com,france24.com,30
channelnewsasia.com,sputniknews.com,30
france24.com,thehour.com,30
france24.com,newstimes.com,30
iheart.com,tampabay.com,29
cbc.ca,channelnewsasia.com,29
couriermail.com.au,mysanantonio.com,29
channelnewsasia.com,chieftain.com,29
cbc.ca,greenwichtime.com,29
channelnewsasia.com,registercitizen.com,29
business-standard.com,lmtonline.com,28
greenwichtime.com,zazoom.it,28
cbc.ca,nbcnews.com,28
dawn.com,nhregister.com,28
couriermail.com.au,nbcnews.com,28
allafrica.com,reuters.com,28
dawn.com,tucson.com,28
france24.com,stamfordadvocate.com,28
dawn.com,wsoctv.com,28
france24.com,startribune.com,28
sputniknews.com,time.mk,28
sfgate.com,sputniknews.com,28
allafrica.com,cbslocal.com,27
france24.com,seattlepi.com,27
dailymail.co.uk,thenews.com.pk,27
tampabay.com,time.mk,27
registercitizen.com,sputniknews.com,27
channelnewsasia.com,nzherald.co.nz,27
channelnewsasia.com,greensboro.com,27
dw.com,tucson.com,27
chieftain.com,time.mk,27
france24.com,registercitizen.com,27
allafrica.com,msn.com,27
couriermail.com.au,iheart.com,27
nbcnews.com,ziarelive.ro,27
ghanaweb.com,indiatimes.com,26
france24.com,nhregister.com,26
beaumontenterprise.com,dawn.com,26
thehour.com,time.mk,26
chieftain.com,nytimes.com,26
channelnewsasia.com,middletownpress.com,26
couriermail.com.au,mynorthwest.com,26
dw.com,wfmz.com,26
channelnewsasia.com,wafa.ps,26
dawn.com,registercitizen.com,26
stamfordadvocate.com,time.mk,26
channelnewsasia.com,nhregister.com,26
channelnewsasia.com,ctpost.com,26
business-standard.com,iheart.com,26
greensboro.com,time.mk,25
tampabay.com,ziarelive.ro,25
washingtonpost.com,xinhuanet.com,25
allafrica.com,washingtonpost.com,25
france24.com,ziarelive.ro,25
channelnewsasia.com,wsoctv.com,25
chieftain.com,zazoom.it,25
stamfordadvocate.com,zazoom.it,25
allafrica.com,nytimes.com,24
ghanaweb.com,registercitizen.com,24
chieftain.com,dawn.com,24
channelnewsasia.com,greenwichtime.com,24
allafrica.com,tribunnews.com,24
couriermail.com.au,nytimes.com,24
cbc.ca,mysanantonio.com,24
france24.com,middletownpress.com,24
couriermail.com.au,ksl.com,24
chron.com,tribunnews.com,24
ctpost.com,time.mk,24
dw.com,indiatimes.com,24
wfmz.com,xinhuanet.com,24
fredericksburg.com,time.mk,24
sfgate.com,tribunnews.com,24
nbcnews.com,time.mk,23
ctpost.com,dawn.com,23
middletownpress.com,xinhuanet.com,23
registercitizen.com,xinhuanet.com,23
channelnewsasia.com,tucson.com,23
allafrica.com,zazoom.it,23
greenwichtime.com,xinhuanet.com,23
reuters.com,thenews.com.pk,23
sputniknews.com,washingtonpost.com,23
beaumontenterprise.com,nytimes.com,23
channelnewsasia.com,thehour.com,23
ctpost.com,xinhuanet.com,23
nhregister.com,xinhuanet.com,22
ghanaweb.com,wsoctv.com,22
couriermail.com.au,washingtonpost.com,22
thehour.com,xinhuanet.com,22
nhregister.com,sputniknews.com,22
newstimes.com,xinhuanet.com,22
dw.com,ziarelive.ro,22
dw.com,sfgate.com,21
ghanaweb.com,nbcnews.com,21
beaumontenterprise.com,zazoom.it,21
dw.com,greensboro.com,21
dawn.com,stamfordadvocate.com,21
sputniknews.com,stamfordadvocate.com,21
nbcnews.com,tribunnews.com,21
sputniknews.com,thehour.com,21
indiatimes.com,nytimes.com,21
chron.com,sputniknews.com,21
allafrica.com,ziarelive.ro,21
channelnewsasia.com,startribune.com,21
businessinsider.com,sputniknews.com,21
cbslocal.com,channelnewsasia.com,21
chieftain.com,dw.com,21
beaumontenterprise.com,ziarelive.ro,21
sputniknews.com,tribunnews.com,21
ghanaweb.com,seattlepi.com,21
france24.com,mynorthwest.com,21
newstimes.com,time.mk,21
dawn.com,thehour.com,20
chron.com,dw.com,20
dawn.com,ziarelive.ro,20
stamfordadvocate.com,xinhuanet.com,20
cbc.ca,dawn.com,20
time.mk,wacotrib.com,20
business-standard.com,xinhuanet.com,20
dawn.com,fredericksburg.com,20
registercitizen.com,time.mk,20
greenwichtime.com,time.mk,20
couriermail.com.au,foxnews.com,20
foxnews.com,xinhuanet.com,19
palestinemonitor.org,yahoo.com,19
newstimes.com,sputniknews.com,19
businessinsider.com,xinhuanet.com,19
dw.com,nzherald.co.nz,19
ctpost.com,sputniknews.com,19
ghanaweb.com,nhregister.com,19
dw.com,tampabay.com,19
beaumontenterprise.com,channelnewsasia.com,19
middletownpress.com,nytimes.com,19
middletownpress.com,sputniknews.com,19
couriermail.com.au,fredericksburg.com,19
english.wafa.ps,foxnews.com,19
channelnewsasia.com,newstimes.com,19
france24.com,xinhuanet.com,19
foxnews.com,time.mk,19
channelnewsasia.com,seattlepi.com,19
business-standard.com,time.mk,19
cbslocal.com,ziarelive.ro,19
foxnews.com,zazoom.it,18
france24.com,thenews.com.pk,18
dw.com,france24.com,18
iheart.com,tucson.com,18
dawn.com,mysanantonio.com,18
nhregister.com,time.mk,18
france24.com,tucson.com,18
wsoctv.com,zazoom.it,18
cbslocal.com,france24.com,18
dw.com,middletownpress.com,17
beaumontenterprise.com,france24.com,17
middletownpress.com,zazoom.it,17
nzherald.co.nz,sputniknews.com,17
dawn.com,middletownpress.com,17
middletownpress.com,time.mk,17
dw.com,ksl.com,17
businessinsider.com,time.mk,17
couriermail.com.au,startribune.com,17
greenwichtime.com,sputniknews.com,17
wsoctv.com,xinhuanet.com,17
businessinsider.com,fasopresse.net,17
sfgate.com,time.mk,17
dw.com,wacotrib.com,17
dawn.com,mynorthwest.com,17
mysanantonio.com,zazoom.it,16
sfgate.com,zazoom.it,16
wacotrib.com,zazoom.it,16
cbc.ca,startribune.com,16
chieftain.com,couriermail.com.au,16
ctpost.com,ziarelive.ro,16
dawn.com,newstimes.com,16
cbc.ca,palestinemonitor.org,16
channelnewsasia.com,mynorthwest.com,16
palestinemonitor.org,washingtonpost.com,16
greensboro.com,ziarelive.ro,16
beaumontenterprise.com,time.mk,16
ghanaweb.com,wacotrib.com,16
dawn.com,ksl.com,16
chieftain.com,xinhuanet.com,16
tampabay.com,xinhuanet.com,16
couriermail.com.au,stamfordadvocate.com,15
france24.com,nytimes.com,15
ctpost.com,dw.com,15
ghanaweb.com,nzherald.co.nz,15
indiatimes.com,time.mk,15
allafrica.com,nzherald.co.nz,15
fasopresse.net,france24.com,15
ghanaweb.com,xinhuanet.com,15
cbc.ca,ziarelive.ro,15
nzherald.co.nz,xinhuanet.com,15
allafrica.com,foxnews.com,15
dw.com,thehour.com,15
dw.com,nhregister.com,15
mynorthwest.com,tribunnews.com,15
channelnewsasia.com,stamfordadvocate.com,15
allafrica.com,stamfordadvocate.com,15
france24.com,mysanantonio.com,15
beaumontenterprise.com,couriermail.com.au,14
time.mk,washingtonpost.com,14
dw.com,fredericksburg.com,14
dw.com,foxnews.com,14
ghanaweb.com,wfmz.com,14
dw.com,wsoctv.com,14
dw.com,xinhuanet.com,14
ksl.com,zazoom.it,14
france24.com,lmtonline.com,14
dawn.com,nytimes.com,14
time.mk,wsoctv.com,14
sfgate.com,xinhuanet.com,14
dw.com,greenwichtime.com,14
dw.com,tribunnews.com,14
tampabay.com,tribunnews.com,14
foxnews.com,ghanaweb.com,14
ghanaweb.com,tribunnews.com,14
thehour.com,ziarelive.ro,14
nhregister.com,ziarelive.ro,14
cbslocal.com,dw.com,14
ghanaweb.com,startribune.com,13
tucson.com,ziarelive.ro,13
newstimes.com,ziarelive.ro,13
dawn.com,startribune.com,13
allafrica.com,ctpost.com,13
palestinemonitor.org,xinhuanet.com,13
channelnewsasia.com,fredericksburg.com,13
dawn.com,time.mk,13
foxnews.com,thenews.com.pk,13
nbcnews.com,sputniknews.com,13
ghanaweb.com,ksl.com,13
foxnews.com,tribunnews.com,13
tucson.com,zazoom.it,13
couriermail.com.au,newstimes.com,13
channelnewsasia.com,ziarelive.ro,13
business-standard.com,ghanaweb.com,13
fasopresse.net,sfgate.com,13
beaumontenterprise.com,sputniknews.com,13
cbslocal.com,time.mk,12
nytimes.com,tampabay.com,12
wacotrib.com,ziarelive.ro,12
cbc.ca,couriermail.com.au,12
greensboro.com,tribunnews.com,12
channelnewsasia.com,dw.com,12
seattlepi.com,time.mk,12
fasopresse.net,nbcnews.com,12
chieftain.com,ziarelive.ro,12
businessinsider.com,tribunnews.com,12
fasopresse.net,washingtonpost.com,12
allafrica.com,indiatimes.com,12
channelnewsasia.com,lmtonline.com,12
allafrica.com,thehour.com,12
cbc.ca,france24.com,12
couriermail.com.au,lmtonline.com,12
allafrica.com,greenwichtime.com,12
ksl.com,tribunnews.com,12
chron.com,xinhuanet.com,11
beaumontenterprise.com,dw.com,11
chieftain.com,tribunnews.com,11
allafrica.com,newstimes.com,11
greenwichtime.com,ziarelive.ro,11
iheart.com,mysanantonio.com,11
cbc.ca,lmtonline.com,11
fasopresse.net,stamfordadvocate.com,11
registercitizen.com,ziarelive.ro,11
sputniknews.com,tucson.com,11
cbc.ca,sputniknews.com,11
nytimes.com,time.mk,11
allafrica.com,mysanantonio.com,11
dw.com,registercitizen.com,11
fredericksburg.com,iheart.com,11
france24.com,fredericksburg.com,11
ghanaweb.com,greensboro.com,11
allafrica.com,fasopresse.net,11
couriermail.com.au,nhregister.com,11
sfgate.com,thenews.com.pk,11
middletownpress.com,ziarelive.ro,11
couriermail.com.au,middletownpress.com,11
dawn.com,greenwichtime.com,11
dw.com,newstimes.com,11
allafrica.com,business-standard.com,11
dw.com,palestinemonitor.org,11
ksl.com,ziarelive.ro,11
nytimes.com,sputniknews.com,11
channelnewsasia.com,zazoom.it,11
allafrica.com,ghanaweb.com,11
chron.com,thenews.com.pk,11
dw.com,nytimes.com,11
stamfordadvocate.com,ziarelive.ro,11
mysanantonio.com,ziarelive.ro,11
dw.com,mynorthwest.com,11
cbslocal.com,ghanaweb.com,11
dw.com,zazoom.it,10
beaumontenterprise.com,tribunnews.com,10
dw.com,stamfordadvocate.com,10
cbc.ca,nytimes.com,10
greensboro.com,xinhuanet.com,10
sputniknews.com,zazoom.it,10
businessinsider.com,dawn.com,10
channelnewsasia.com,xinhuanet.com,10
mynorthwest.com,ziarelive.ro,10
channelnewsasia.com,mysanantonio.com,10
tampabay.com,zazoom.it,10
cbslocal.com,sputniknews.com,10
dawn.com,sputniknews.com,10
fasopresse.net,greenwichtime.com,10
beaumontenterprise.com,iheart.com,10
dw.com,seattlepi.com,10
nzherald.co.nz,time.mk,10
mynorthwest.com,zazoom.it,10
sputniknews.com,tampabay.com,9
businessinsider.com,dw.com,9
nbcnews.com,xinhuanet.com,9
cbslocal.com,fasopresse.net,9
ksl.com,xinhuanet.com,9
dawn.com,lmtonline.com,9
fasopresse.net,newstimes.com,9
beaumontenterprise.com,xinhuanet.com,9
wacotrib.com,xinhuanet.com,9
ghanaweb.com,mynorthwest.com,9
allafrica.com,nhregister.com,9
startribune.com,time.mk,8
chieftain.com,ghanaweb.com,8
startribune.com,tribunnews.com,8
greensboro.com,sputniknews.com,8
couriermail.com.au,tribunnews.com,8
sputniknews.com,wsoctv.com,8
seattlepi.com,ziarelive.ro,8
fasopresse.net,thehour.com,8
chieftain.com,sputniknews.com,8
startribune.com,xinhuanet.com,8
businessinsider.com,couriermail.com.au,8
ctpost.com,tribunnews.com,8
newstimes.com,tribunnews.com,8
startribune.com,ziarelive.ro,8
nytimes.com,tribunnews.com,8
chron.com,time.mk,8
couriermail.com.au,time.mk,8
sputniknews.com,xinhuanet.com,8
nbcnews.com,zazoom.it,8
beaumontenterprise.com,ghanaweb.com,8
couriermail.com.au,france24.com,8
tribunnews.com,tucson.com,8
mynorthwest.com,xinhuanet.com,7
lmtonline.com,zazoom.it,7
thenews.com.pk,ziarelive.ro,7
couriermail.com.au,ctpost.com,7
dawn.com,tribunnews.com,7
dw.com,startribune.com,7
allafrica.com,greensboro.com,7
fasopresse.net,nytimes.com,7
iheart.com,nytimes.com,7
dw.com,lmtonline.com,7
seattlepi.com,xinhuanet.com,7
thehour.com,tribunnews.com,7
channelnewsasia.com,iheart.com,7
dw.com,mysanantonio.com,7
dawn.com,ghanaweb.com,7
cbslocal.com,xinhuanet.com,7
cbc.ca,dw.com,7
nzherald.co.nz,thenews.com.pk,7
couriermail.com.au,thehour.com,7
nhregister.com,tribunnews.com,7
iheart.com,mynorthwest.com,7
fredericksburg.com,ziarelive.ro,7
ksl.com,sputniknews.com,7
fasopresse.net,wsoctv.com,7
fasopresse.net,indiatimes.com,7
stamfordadvocate.com,tribunnews.com,7
lmtonline.com,xinhuanet.com,7
couriermail.com.au,greenwichtime.com,7
xinhuanet.com,ziarelive.ro,6
greensboro.com,zazoom.it,6
tribunnews.com,wsoctv.com,6
cbslocal.com,couriermail.com.au,6
allafrica.com,lmtonline.com,6
indiatimes.com,xinhuanet.com,6
fredericksburg.com,zazoom.it,6
mynorthwest.com,sputniknews.com,6
fasopresse.net,nzherald.co.nz,6
mysanantonio.com,time.mk,6
dawn.com,dw.com,6
chron.com,fasopresse.net,6
ghanaweb.com,sputniknews.com,6
cbc.ca,thenews.com.pk,6
allafrica.com,dawn.com,6
tucson.com,xinhuanet.com,6
ghanaweb.com,lmtonline.com,6
fasopresse.net,startribune.com,6
channelnewsasia.com,ghanaweb.com,6
businessinsider.com,ghanaweb.com,6
seattlepi.com,zazoom.it,6
allafrica.com,time.mk,6
startribune.com,zazoom.it,6
cbc.ca,zazoom.it,6
cbc.ca,ghanaweb.com,5
allafrica.com,seattlepi.com,5
sputniknews.com,startribune.com,5
iheart.com,seattlepi.com,5
ghanaweb.com,nytimes.com,5
ghanaweb.com,mysanantonio.com,5
dailymail.co.uk,gwdtoday.com,5
lmtonline.com,sputniknews.com,5
fredericksburg.com,xinhuanet.com,5
seattlepi.com,sputniknews.com,5
mysanantonio.com,thenews.com.pk,5
lmtonline.com,ziarelive.ro,5
thenews.com.pk,washingtonpost.com,5
allafrica.com,mynorthwest.com,5
xinhuanet.com,zazoom.it,5
fasopresse.net,xinhuanet.com,5
iheart.com,thenews.com.pk,5
lmtonline.com,time.mk,5
foxnews.com,ziarelive.ro,5
allafrica.com,chron.com,5
ghanaweb.com,tucson.com,5
couriermail.com.au,sputniknews.com,5
nytimes.com,wafa.ps,5
channelnewsasia.com,fasopresse.net,5
greensboro.com,gwdtoday.com,5
seattlepi.com,thenews.com.pk,4
fasopresse.net,iheart.com,4
greenwichtime.com,tribunnews.com,4
chieftain.com,fasopresse.net,4
couriermail.com.au,fasopresse.net,4
allafrica.com,france24.com,4
couriermail.com.au,dawn.com,4
couriermail.com.au,seattlepi.com,4
registercitizen.com,tribunnews.com,4
business-standard.com,couriermail.com.au,4
couriermail.com.au,greensboro.com,4
nytimes.com,xinhuanet.com,4
tribunnews.com,xinhuanet.com,4
sputniknews.com,wacotrib.com,4
mysanantonio.com,xinhuanet.com,4
couriermail.com.au,wsoctv.com,4
ghanaweb.com,ziarelive.ro,4
fredericksburg.com,tribunnews.com,4
middletownpress.com,tribunnews.com,4
tampabay.com,thenews.com.pk,4
fasopresse.net,wacotrib.com,4
dawn.com,xinhuanet.com,4
ghanaweb.com,thenews.com.pk,4
thenews.com.pk,time.mk,4
allafrica.com,chieftain.com,4
fasopresse.net,ksl.com,4
allafrica.com,nbcnews.com,4
allafrica.com,cbc.ca,4
france24.com,tribunnews.com,4
nt.am,sputniknews.com,4
france24.com,zazoom.it,4
palestinemonitor.org,ziarelive.ro,3
business-standard.com,nt.am,3
allafrica.com,xinhuanet.com,3
fredericksburg.com,ghanaweb.com,3
greenwichtime.com,thenews.com.pk,3
nhregister.com,thenews.com.pk,3
ctpost.com,fasopresse.net,3
fredericksburg.com,sputniknews.com,3
middletownpress.com,thenews.com.pk,3
cbslocal.com,thenews.com.pk,3
nytimes.com,ziarelive.ro,3
allafrica.com,businessinsider.com,3
iheart.com,zazoom.it,3
couriermail.com.au,registercitizen.com,3
cbslocal.com,zazoom.it,3
tribunnews.com,wacotrib.com,3
thenews.com.pk,xinhuanet.com,3
cbc.ca,xinhuanet.com,3
thenews.com.pk,tribunnews.com,3
fasopresse.net,lmtonline.com,3
mysanantonio.com,sputniknews.com,3
fasopresse.net,wfmz.com,3
france24.com,iheart.com,3
allafrica.com,sputniknews.com,3
ctpost.com,thenews.com.pk,3
allafrica.com,fredericksburg.com,2
gwdtoday.com,sfgate.com,2
thenews.com.pk,tucson.com,2
fasopresse.net,greensboro.com,2
dawn.com,zazoom.it,2
couriermail.com.au,wfmz.com,2
beaumontenterprise.com,thenews.com.pk,2
businessinsider.com,thenews.com.pk,2
ksl.com,thenews.com.pk,2
thenews.com.pk,wfmz.com,2
dawn.com,gwdtoday.com,2
allafrica.com,dw.com,2
allafrica.com,sfgate.com,2
allafrica.com,ksl.com,2
cbslocal.com,gwdtoday.com,2
fasopresse.net,nhregister.com,2
channelnewsasia.com,time.mk,2
registercitizen.com,thenews.com.pk,2
cbc.ca,fasopresse.net,2
allafrica.com,iheart.com,2
fasopresse.net,middletownpress.com,2
cbc.ca,gwdtoday.com,2
thehour.com,thenews.com.pk,2
fasopresse.net,zazoom.it,2
mysanantonio.com,tribunnews.com,2
couriermail.com.au,ziarelive.ro,2
mynorthwest.com,time.mk,2
allafrica.com,tampabay.com,2
gwdtoday.com,ziarelive.ro,2
stamfordadvocate.com,thenews.com.pk,2
couriermail.com.au,indiatimes.com,2
france24.com,ghanaweb.com,2
allafrica.com,beaumontenterprise.com,2
startribune.com,thenews.com.pk,2
nytimes.com,zazoom.it,2
fasopresse.net,registercitizen.com,2
chron.com,gwdtoday.com,2
allafrica.com,gwdtoday.com,1
fasopresse.net,seattlepi.com,1
france24.com,time.mk,1
allafrica.com,channelnewsasia.com,1
dw.com,fasopresse.net,1
dw.com,ghanaweb.com,1
fasopresse.net,mynorthwest.com,1
sputniknews.com,thenews.com.pk,1
thenews.com.pk,zazoom.it,1
channelnewsasia.com,couriermail.com.au,1
dawn.com,fasopresse.net,1
fasopresse.net,mysanantonio.com,1
couriermail.com.au,zazoom.it,1
allafrica.com,wsoctv.com,1
gwdtoday.com,mysanantonio.com,1
dw.com,thenews.com.pk,1
fasopresse.net,ziarelive.ro,1
gwdtoday.com,yahoo.com,1
lmtonline.com,tribunnews.com,1
allafrica.com,thenews.com.pk,1
allafrica.com,startribune.com,1
gwdtoday.com,thenews.com.pk,1
beaumontenterprise.com,fasopresse.net,1
fasopresse.net,tucson.com,1
gwdtoday.com,lmtonline.com,1
gwdtoday.com,mynorthwest.com,1
gwdtoday.com,nzherald.co.nz,1
