mentions_count,person,tone_avg,tone_std,source_index
213,Theresa May,-2.856,0.498,414
150,Donald Trump,-3.619,0.553,414
101,Jamal Khashoggi,-3.731,0.310,414
92,Los Angeles,-0.481,2.442,125
86,Donald Trump,-1.799,2.525,135
77,Barbara Bush,-0.524,0.268,152
76,Barbara Bush,-0.514,0.364,155
60,Bill Clinton,-0.363,0.159,157
59,Barbara Bush,-0.398,0.206,157
55,Donald Trump,-1.846,2.712,185
53,Donald Trump,-1.552,2.415,543
44,George Hw Bush,-0.384,0.120,157
41,Donald Trump,-1.643,1.740,118
40,Barbara Bush,-0.304,0.299,154
40,Ronald Reagan,-0.543,0.379,155
40,Ronald Reagan,-0.552,0.302,152
39,Donald Trump,-0.391,0.662,157
36,Bill Clinton,-0.437,0.421,155
35,Bill Clinton,-3.225,1.148,414
35,Lopez Obrador,0.269,0.826,423
34,Donald Trump,-0.142,0.454,155
33,Lopez Obrador,-4.002,0.791,598
31,Bill Clinton,-0.533,0.316,152
31,Bill Clinton,-0.339,2.409,135
31,Kid Rock,-0.244,1.326,135
29,Lopez Obrador,-1.286,1.313,125
28,Ronald Reagan,-0.526,0.439,154
27,Donald Trump,-1.747,2.028,148
27,George Bush,-0.153,1.672,127
25,Lopez Obrador,0.307,0.295,95
25,Ronald Reagan,-0.401,0.226,157
25,Vladimir Putin,-2.223,2.221,135
24,Donald Trump,-0.206,1.702,97
24,Donald Trump,-2.661,2.233,598
24,Donald Trump,-1.111,2.533,95
24,Theresa May,-0.274,1.808,406
23,Barbara Bush,0.169,2.042,135
23,Bill Clinton,-0.195,2.228,185
23,Donald Trump,-2.418,2.670,154
23,George Hw Bush,-0.456,0.666,406
22,Donald Trump,-0.210,2.529,464
21,Donald Trump,-4.130,1.965,521
20,Barbara Bush,-0.824,0.661,414
20,Donald Trump,-1.788,1.795,140
20,Donald Trump,-0.287,1.047,152
20,Donald Trump,-2.015,3.366,101
20,George Hw Bush,-0.543,0.384,155
20,George Hw Bush,-0.552,0.306,152
20,Lopez Obrador,-0.684,0.000,102
20,Ronald Reagan,-1.161,2.121,135
20,Theresa May,-2.360,2.086,148
20,Vladimir Putin,-1.771,0.607,154
20,Vladimir Putin,-1.337,0.269,167
19,Bill Clinton,-0.226,0.311,154
19,Saddam Hussein,-1.897,2.229,135
18,Donald Trump,-2.953,2.768,182
18,George Bush,-0.377,0.000,157
18,George Hw Bush,-0.650,0.458,154
18,Los Angeles,-0.284,1.531,98
18,Los Angeles,-0.397,1.352,103
18,Vladimir Putin,-2.719,2.863,543
17,Barack Obama,-0.504,0.275,152
17,George Bush,-0.641,0.035,414
17,Lopez Obrador,0.295,0.102,185
17,Lopez Obrador,0.286,0.100,135
16,Barack Obama,-0.618,2.569,135
16,Barbara Bush,-0.171,1.717,185
16,Barbara Bush,-0.513,0.000,167
16,Bill Clinton,-0.745,2.285,118
16,Donald Trump,1.219,3.295,454
16,Jeb Bush,-1.584,2.824,135
15,Barack Obama,-0.367,0.193,157
15,Donald Trump,-0.469,3.110,460
15,Donald Trump,-0.666,3.361,94
15,Donald Trump,-4.440,2.164,127
15,Donald Trump,-1.871,3.461,436
15,Donald Trump,-1.708,2.175,138
15,George Bush,-1.848,1.621,460
15,George Bush,-1.158,2.635,135
15,George Herbert Walker Bush,-0.870,2.817,135
15,Lopez Obrador,-1.501,0.000,126
14,Barack Obama,-0.448,0.399,155
14,Bill Clinton,0.496,2.709,94
14,Donald Trump,-0.833,3.017,488
14,Donald Trump,-4.424,3.557,83
14,George Hw Bush,-2.129,1.535,414
14,George Hw Bush,2.669,3.081,148
14,Los Angeles,-2.080,3.068,185
14,Vladimir Putin,-2.705,2.107,118
13,Angela Merkel,-0.840,1.145,135
13,Bill Clinton,-1.837,2.059,127
13,Donald Trump,-0.421,1.092,406
13,Donald Trump,0.262,2.044,538
13,George Herbert Walker Bush,-0.389,0.161,157
13,George Herbert Walker Bush,-0.783,0.438,154
13,George Hw Bush,-2.352,2.399,339
13,Jeb Bush,-0.389,0.161,157
13,Ronald Reagan,-1.199,2.234,118
13,Ronald Reagan,-0.564,1.940,185
13,Saddam Hussein,-0.389,0.161,157
13,Theresa May,-4.853,2.556,422
13,Vladimir Putin,-0.163,3.031,464
12,Donald Trump,-1.091,2.430,99
12,Donald Trump,-2.073,2.157,562
12,Donald Trump,0.059,3.224,477
12,George Bush,-4.110,0.152,269
12,George Bush,-1.365,0.292,133
12,George Bush,-0.066,2.008,138
12,George Hw Bush,-1.171,0.159,598
12,Jamal Khashoggi,-1.882,1.836,543
12,Jeb Bush,-1.481,0.000,126
12,Lopez Obrador,3.810,0.013,148
12,Ronald Reagan,-0.602,2.303,125
12,Saddam Hussein,-2.129,1.261,414
12,Vladimir Putin,-1.577,0.520,157
12,Vladimir Putin,-2.538,2.388,185
12,Vladimir Putin,-2.419,0.980,168
11,Barbara Bush,-0.590,0.131,166
11,Barbara Bush,0.830,1.446,127
11,Barbara Bush,-0.074,0.194,168
11,Bill Clinton,0.760,2.144,101
11,Donald Trump,-0.791,1.631,82
11,Donald Trump,0.375,1.291,459
11,Donald Trump,-1.790,3.927,449
11,Donald Trump,-1.543,1.796,617
11,Donald Trump,-0.445,0.819,167
11,Donald Trump,-0.900,1.442,573
11,George Bush,3.403,1.597,118
11,George Bush,-1.645,3.035,543
11,George Bush,0.726,1.942,291
11,George Hw Bush,-0.857,2.625,140
11,Jamal Khashoggi,0.419,1.496,118
11,Jeb Bush,-0.491,1.798,185
11,Los Angeles,0.407,2.292,127
11,Vladimir Putin,-0.752,3.190,460
10,Angela Merkel,-0.838,1.382,185
10,Barbara Bush,0.316,2.787,118
10,Barbara Bush,1.335,2.025,94
10,Barbara Bush,-0.682,1.686,138
10,Donald Trump,-1.979,2.353,230
10,Donald Trump,-1.078,0.991,325
10,George Herbert Walker Bush,-0.543,0.394,155
10,George Herbert Walker Bush,-0.552,0.314,152
10,George Hw Bush,0.115,0.344,325
10,George Hw Bush,-2.045,2.643,422
10,Jeb Bush,-0.543,0.394,155
10,Jeb Bush,-0.552,0.314,152
10,Jim Mcgrath,-0.543,0.394,155
10,Jim Mcgrath,-0.552,0.314,152
10,Kid Rock,1.027,0.000,104
10,Los Angeles,-1.289,2.915,135
10,Mikhail Gorbachev,-0.733,3.037,135
10,Ronald Reagan,-2.039,1.501,414
10,Saddam Hussein,-0.543,0.394,155
10,Saddam Hussein,-0.552,0.314,152
10,Saddam Hussein,-1.694,2.036,185
10,Theresa May,-1.500,1.782,339
10,Vladimir Putin,-1.454,0.000,155
9,Barack Obama,-0.270,0.311,154
9,Barack Obama,-1.393,1.056,414
9,Barack Obama,-0.226,2.395,127
9,Bill Clinton,-1.224,2.123,104
9,Bill Clinton,-0.192,0.219,168
9,Bill Clinton,-1.120,2.294,138
9,Donald Trump,-1.311,3.283,627
9,Donald Trump,-2.109,3.601,102
9,Donald Trump,-1.425,1.409,168
9,George Bush,2.085,0.000,422
9,George Herbert Walker Bush,-1.063,2.224,185
9,George Hw Bush,-1.063,1.547,459
9,Jamal Khashoggi,-4.586,2.571,521
9,Jamal Khashoggi,-1.482,0.893,135
9,John Adams,-0.377,0.000,157
9,Lopez Obrador,-3.036,1.205,562
9,Los Angeles,0.064,0.601,118
9,Los Angeles,1.171,0.000,182
9,Los Angeles,-1.342,2.344,138
9,Mikhail Gorbachev,-0.377,0.000,157
9,Saddam Hussein,-1.605,1.509,127
9,Vladimir Putin,-1.951,1.333,141
9,Vladimir Putin,-2.566,1.106,166
8,Angela Merkel,-1.873,0.006,227
8,Barbara Bush,-0.344,2.604,591
8,Barbara Bush,-0.222,2.919,141
8,Bill Clinton,-0.591,2.144,95
8,Bill Clinton,-1.614,0.400,133
8,Bill Clinton,0.998,2.394,182
8,Donald Trump,-0.234,2.887,85
8,Donald Trump,-0.201,1.843,591
8,Donald Trump,-2.793,2.575,429
8,Donald Trump,0.155,2.158,619
8,Donald Trump,-2.590,3.526,422
8,George Bush,-2.544,2.660,95
8,George Bush,-2.238,3.066,185
8,George Bush,-2.649,0.050,188
8,George Hw Bush,1.670,3.429,454
8,George Hw Bush,1.733,2.615,555
8,George Hw Bush,3.349,3.972,141
8,George Hw Bush,-0.242,0.695,330
8,Jamal Khashoggi,-1.342,2.096,598
8,Jeb Bush,-0.249,1.535,95
8,Lopez Obrador,-3.095,0.000,82
8,Lopez Obrador,-3.625,0.000,414
8,Lopez Obrador,-3.463,0.000,88
8,Mikhail Gorbachev,0.105,1.939,127
8,Ronald Reagan,-0.750,1.672,127
8,Ronald Reagan,-0.513,0.000,167
8,Ronald Reagan,-1.350,1.856,138
8,Theresa May,-2.952,2.057,543
8,Vladimir Putin,-0.566,2.754,454
8,Vladimir Putin,-2.350,3.484,83
8,Vladimir Putin,-3.863,2.616,521
7,Barbara Bush,-1.079,0.991,85
7,Bill Clinton,-3.185,1.566,325
7,Donald Trump,-1.499,1.068,544
7,Donald Trump,-1.366,4.285,141
7,Donald Trump,-0.462,0.852,159
7,Donald Trump,-0.399,0.290,133
7,Donald Trump,-1.801,1.345,426
7,George Bush,1.290,0.000,406
7,George Bush,-1.602,3.059,94
7,George Herbert Walker Bush,-1.158,1.327,127
7,Jamal Khashoggi,-2.161,1.577,488
7,Jamal Khashoggi,-0.751,2.579,464
7,Jeb Bush,-3.188,0.000,488
7,Ronald Reagan,-1.183,0.467,141
7,Ronald Reagan,-0.849,2.324,104
7,Theresa May,-2.573,0.000,609
7,Theresa May,-1.199,2.350,104
7,Theresa May,-1.431,0.392,351
7,Theresa May,-1.385,1.046,135
7,Vladimir Putin,-2.520,0.390,540
7,Vladimir Putin,-3.046,2.828,264
7,Vladimir Putin,-4.314,2.255,449
6,Angela Merkel,-1.180,1.209,97
6,Barack Obama,-0.348,2.089,118
6,Barack Obama,1.712,2.330,538
6,Barack Obama,0.203,2.171,464
6,Barack Obama,2.372,1.783,126
6,Barack Obama,-0.126,2.833,185
6,Barack Obama,2.085,0.000,422
6,Barbara Bush,-0.439,0.602,406
6,Barbara Bush,-0.394,1.250,95
6,Barbara Bush,0.833,2.395,101
6,Bill Clinton,2.727,1.590,454
6,Bill Clinton,0.093,3.384,141
6,Bill Clinton,-2.649,0.051,188
6,Bill Clinton,-0.513,0.000,167
6,Donald Trump,-3.995,1.978,264
6,Donald Trump,-1.417,3.317,534
6,Donald Trump,-1.669,1.448,166
6,Donald Trump,-0.420,1.340,105
6,George Bush,-0.280,0.732,97
6,George Bush,0.918,1.193,325
6,George Bush,1.457,2.023,538
6,George Bush,-1.741,0.285,126
6,George Bush,-0.661,0.000,288
6,George Bush,-2.350,1.159,104
6,George Herbert Walker Bush,-1.926,1.504,339
6,George Herbert Walker Bush,0.316,1.619,125
6,George Herbert Walker Bush,0.511,3.317,94
6,George Herbert Walker Bush,-0.136,1.921,464
6,George Hw Bush,-3.484,1.525,460
6,George Hw Bush,-0.238,0.215,168
6,Jamal Khashoggi,-0.296,1.726,460
6,Jamal Khashoggi,-0.975,1.481,325
6,Jeb Bush,0.395,0.978,94
6,Jim Mcgrath,-0.639,1.626,135
6,Los Angeles,0.870,0.513,151
6,Ronald Reagan,-2.789,0.712,339
6,Ronald Reagan,-0.233,1.539,591
6,Ronald Reagan,-1.234,1.663,95
6,Saddam Hussein,-0.128,3.308,125
6,Saddam Hussein,-0.615,0.113,288
6,Saddam Hussein,-5.068,2.509,521
6,Theresa May,-1.066,2.560,454
6,Theresa May,0.249,1.388,325
6,Theresa May,-1.747,1.029,416
6,Theresa May,-2.219,1.612,426
6,Theresa May,-0.723,0.000,182
6,Vladimir Putin,3.803,0.606,453
6,Vladimir Putin,-2.148,2.584,488
6,Vladimir Putin,-0.309,0.116,320
6,Vladimir Putin,-1.750,1.518,619
6,Vladimir Putin,-3.147,2.820,182
5,Barbara Bush,-1.223,1.124,97
5,Barbara Bush,-2.881,1.794,460
5,Barbara Bush,0.276,0.000,159
5,Barbara Bush,-1.986,2.878,182
5,Bill Clinton,-2.643,1.028,339
5,Bill Clinton,-1.014,0.987,97
5,Bill Clinton,-0.626,0.153,166
5,Donald Trump,-2.248,2.025,339
5,Donald Trump,-0.582,0.744,320
5,Donald Trump,-1.692,1.296,555
5,Donald Trump,-1.887,1.054,125
5,Donald Trump,-1.750,1.638,561
5,Donald Trump,-2.215,2.166,129
5,Donald Trump,-2.526,3.520,215
5,Donald Trump,-2.679,1.633,505
5,Donald Trump,-1.509,3.750,104
5,George Bush,-0.017,0.822,330
5,George Bush,-2.687,2.976,101
5,George Bush,-1.187,0.000,103
5,George Herbert Walker Bush,-3.006,2.472,269
5,George Herbert Walker Bush,1.046,1.936,538
5,George Herbert Walker Bush,-0.539,2.577,104
5,George Hw Bush,-0.682,0.153,166
5,George Hw Bush,-1.407,0.000,477
5,Jamal Khashoggi,-0.209,1.199,406
5,Jamal Khashoggi,-3.335,1.605,454
5,Jamal Khashoggi,1.637,1.689,538
5,Jeb Bush,-0.304,0.330,154
5,Jeb Bush,-2.433,4.402,127
5,Jim Mcgrath,-0.304,0.330,154
5,Jim Mcgrath,-0.476,1.936,185
5,John Adams,-1.122,1.947,185
5,John Adams,-1.443,1.472,135
5,Lopez Obrador,0.883,0.000,85
5,Lopez Obrador,0.883,0.000,97
5,Lopez Obrador,0.883,0.000,99
5,Lopez Obrador,0.883,0.000,94
5,Lopez Obrador,0.883,0.000,101
5,Los Angeles,1.027,0.379,156
5,Los Angeles,1.209,0.577,464
5,Los Angeles,1.027,0.379,153
5,Mikhail Gorbachev,2.710,2.677,94
5,Mikhail Gorbachev,-0.891,0.708,351
5,Ronald Reagan,-1.110,1.983,94
5,Ronald Reagan,-0.570,0.125,166
5,Ronald Reagan,-0.044,0.186,168
5,Saddam Hussein,-2.419,2.450,339
5,Saddam Hussein,-0.304,0.330,154
5,Saddam Hussein,-7.789,2.075,494
5,Saddam Hussein,-2.955,2.167,94
5,Theresa May,-0.448,3.261,619
5,Theresa May,0.448,3.690,141
5,Theresa May,-4.250,1.951,521
5,Theresa May,-3.569,2.989,423
5,Vladimir Putin,-0.734,1.351,406
5,Vladimir Putin,-2.686,1.725,414
5,Vladimir Putin,-2.640,2.522,429
5,Vladimir Putin,0.928,2.666,467
5,Vladimir Putin,-3.828,1.414,101
4,Angela Merkel,-0.326,0.817,406
4,Angela Merkel,-0.948,1.544,459
4,Angela Merkel,-0.465,1.032,325
4,Barack Obama,-0.860,0.540,598
4,Barack Obama,0.838,3.814,488
4,Barack Obama,2.294,2.164,454
4,Barack Obama,1.078,4.359,534
4,Barack Obama,0.356,1.658,459
4,Barack Obama,1.649,3.757,94
4,Barack Obama,0.567,1.886,95
4,Barack Obama,-1.240,0.000,133
4,Barack Obama,-0.513,0.000,167
4,Barbara Bush,-0.798,1.311,87
4,Barbara Bush,-0.247,0.446,325
4,Barbara Bush,-0.798,1.311,99
4,Barbara Bush,1.844,2.243,104
4,Bill Clinton,-1.547,0.295,554
4,Bill Clinton,-1.453,0.000,85
4,Bill Clinton,1.707,3.458,534
4,Bill Clinton,-1.772,0.425,460
4,Bill Clinton,0.367,2.736,125
4,Bill Clinton,-1.417,0.000,52
4,Bill Clinton,-0.143,2.094,129
4,Bill Clinton,3.186,1.628,126
4,Donald Trump,2.986,1.215,499
4,Donald Trump,-1.146,3.157,232
4,Donald Trump,-2.573,0.000,609
4,Donald Trump,-0.638,2.210,175
4,Donald Trump,-4.823,2.486,132
4,Donald Trump,-2.543,2.029,188
4,Donald Trump,-1.275,0.527,475
4,Donald Trump,-1.588,1.456,153
4,Donald Trump,-0.305,4.530,89
4,Donald Trump,-1.973,1.153,351
4,Donald Trump,-2.913,3.464,556
4,George Bush,-1.429,0.000,222
4,George Bush,1.164,0.000,499
4,George Bush,-2.777,1.166,339
4,George Bush,-1.171,0.176,598
4,George Bush,-0.648,2.789,464
4,George Bush,-1.021,0.746,351
4,George Herbert Walker Bush,-4.094,0.000,232
4,George Herbert Walker Bush,-0.860,0.540,598
4,George Herbert Walker Bush,3.291,1.850,118
4,George Herbert Walker Bush,-0.663,0.000,414
4,George Herbert Walker Bush,0.892,0.264,591
4,George Herbert Walker Bush,-2.649,0.054,188
4,George Herbert Walker Bush,1.449,0.000,313
4,George Herbert Walker Bush,-4.070,0.000,228
4,George Herbert Walker Bush,-0.005,1.651,138
4,George Hw Bush,1.391,1.893,464
4,George Hw Bush,-1.965,0.417,417
4,George Hw Bush,3.132,0.000,449
4,George Hw Bush,-0.513,0.000,167
4,Jamal Khashoggi,-3.457,2.305,339
4,Jamal Khashoggi,-1.357,2.096,83
4,Jamal Khashoggi,-0.729,3.006,562
4,Jamal Khashoggi,-2.420,0.527,168
4,Jeb Bush,-0.553,0.000,118
4,Jeb Bush,-0.436,1.518,138
4,Jim Mcgrath,-0.415,0.319,157
4,Jim Mcgrath,-1.952,0.511,118
4,Jim Mcgrath,-0.791,1.825,459
4,Jim Mcgrath,1.611,0.580,436
4,Los Angeles,3.992,0.000,152
4,Los Angeles,2.635,2.647,538
4,Los Angeles,-0.417,2.125,423
4,Los Angeles,-2.728,3.968,436
4,Ronald Reagan,-0.625,0.643,598
4,Ronald Reagan,-1.611,0.000,119
4,Ronald Reagan,-2.115,1.496,459
4,Ronald Reagan,-0.060,0.848,538
4,Ronald Reagan,0.000,0.000,561
4,Ronald Reagan,-0.661,0.000,288
4,Ronald Reagan,-1.989,0.000,133
4,Ronald Reagan,-1.078,0.585,88
4,Saddam Hussein,-1.468,0.869,118
4,Saddam Hussein,-2.210,2.408,95
4,Saddam Hussein,-1.481,0.000,126
4,Saddam Hussein,-2.649,0.054,188
4,Saddam Hussein,1.449,0.000,313
4,Theresa May,-2.266,1.573,598
4,Theresa May,0.432,4.485,488
4,Theresa May,2.045,3.035,94
4,Theresa May,-2.049,0.751,185
4,Theresa May,-0.778,0.601,475
4,Theresa May,-0.326,3.261,89
4,Theresa May,-1.285,0.275,105
4,Vladimir Putin,-1.633,0.658,487
4,Vladimir Putin,-0.854,0.842,287
4,Vladimir Putin,-1.663,1.436,598
4,Vladimir Putin,0.256,1.088,230
4,Vladimir Putin,-0.352,1.301,579
4,Vladimir Putin,0.811,0.806,459
4,Vladimir Putin,-3.143,1.043,127
4,Vladimir Putin,-2.095,1.066,562
4,Vladimir Putin,-1.917,1.278,276
3,Angela Merkel,-1.975,0.000,82
3,Angela Merkel,-0.155,1.530,287
3,Angela Merkel,0.460,1.637,598
3,Angela Merkel,-1.192,1.097,464
3,Angela Merkel,1.073,2.125,127
3,Angela Merkel,-0.723,0.000,182
3,Angela Merkel,0.735,0.000,148
3,Barack Obama,0.058,0.101,325
3,Barack Obama,0.110,1.676,416
3,Barack Obama,0.530,0.000,614
3,Barack Obama,-0.607,0.162,166
3,Barack Obama,-1.602,1.813,188
3,Barack Obama,-0.412,0.357,330
3,Barack Obama,-0.100,0.240,168
3,Barbara Bush,-2.478,0.588,140
3,Barbara Bush,-1.632,0.295,554
3,Barbara Bush,-1.636,0.925,339
3,Barbara Bush,-0.333,1.118,82
3,Barbara Bush,-0.807,0.649,598
3,Barbara Bush,-1.238,0.362,627
3,Barbara Bush,0.259,2.917,555
3,Barbara Bush,-3.351,1.412,619
3,Barbara Bush,-2.146,1.294,464
3,Barbara Bush,-0.917,0.410,129
3,Barbara Bush,-0.661,0.000,288
3,Barbara Bush,2.085,0.000,422
3,Barbara Bush,-1.131,0.000,105
3,Bill Clinton,1.496,2.884,140
3,Bill Clinton,-1.088,0.982,598
3,Bill Clinton,1.433,2.209,62
3,Bill Clinton,0.317,2.446,464
3,Bill Clinton,-1.617,0.481,417
3,Bill Clinton,0.049,0.699,2
3,Bill Clinton,-2.594,0.032,426
3,Bill Clinton,-0.929,0.627,88
3,Bill Clinton,-0.358,0.000,102
3,Bill Clinton,2.085,0.000,422
3,Bill Clinton,-0.667,0.901,103
3,Donald Trump,-0.583,2.121,147
3,Donald Trump,-0.894,1.787,487
3,Donald Trump,-0.860,0.002,156
3,Donald Trump,-0.579,1.927,287
3,Donald Trump,0.330,3.319,579
3,Donald Trump,-3.158,2.344,551
3,Donald Trump,-3.774,2.763,494
3,Donald Trump,0.867,2.829,62
3,Donald Trump,-4.416,6.641,52
3,Donald Trump,-0.004,1.296,126
3,Donald Trump,1.750,3.326,467
3,Donald Trump,0.879,1.260,423
3,Donald Trump,-2.623,1.760,88
3,Donald Trump,-2.290,3.194,490
3,Donald Trump,-2.443,2.154,228
3,Donald Trump,-1.275,1.223,535
3,George Bush,-2.041,0.000,244
3,George Bush,-0.410,0.613,287
3,George Bush,1.388,3.443,454
3,George Bush,-4.784,0.294,63
3,George Bush,-2.742,3.116,2
3,George Bush,1.449,0.000,313
3,George Herbert Walker Bush,1.164,0.000,499
3,George Herbert Walker Bush,-0.333,1.118,82
3,George Herbert Walker Bush,-1.876,1.136,488
3,George Herbert Walker Bush,-1.657,0.398,627
3,George Herbert Walker Bush,-1.006,0.871,416
3,George Herbert Walker Bush,-1.519,0.074,95
3,George Herbert Walker Bush,0.356,2.034,467
3,George Herbert Walker Bush,-0.929,0.000,148
3,George Herbert Walker Bush,1.708,0.670,436
3,George Hw Bush,0.000,0.000,147
3,George Hw Bush,-1.639,0.000,579
3,George Hw Bush,-1.618,0.000,627
3,George Hw Bush,-0.733,1.269,561
3,George Hw Bush,-2.982,0.580,188
3,George Hw Bush,1.785,0.913,138
3,Jamal Khashoggi,-1.488,1.110,97
3,Jamal Khashoggi,-2.411,1.016,82
3,Jamal Khashoggi,-1.566,0.101,141
3,Jamal Khashoggi,-2.567,0.535,166
3,Jamal Khashoggi,-1.126,1.927,185
3,Jamal Khashoggi,1.453,0.000,330
3,Jamal Khashoggi,-0.723,0.000,182
3,Jamal Khashoggi,-1.934,0.669,89
3,Jamal Khashoggi,-1.967,0.598,104
3,Jamal Khashoggi,-2.321,0.002,351
3,Jeb Bush,-2.500,1.591,414
3,Jeb Bush,-2.982,0.580,188
3,Jim Mcgrath,-1.632,0.295,554
3,Jim Mcgrath,-1.667,0.000,406
3,Jim Mcgrath,-2.131,2.475,460
3,Jim Mcgrath,-0.739,2.535,591
3,Jim Mcgrath,0.000,0.000,325
3,Jim Mcgrath,-1.257,2.697,94
3,Jim Mcgrath,0.232,1.462,95
3,Jim Mcgrath,0.085,1.715,101
3,John Adams,-0.807,0.649,598
3,John Adams,-1.481,0.650,118
3,John Adams,-1.257,2.697,94
3,Kid Rock,-1.395,0.000,97
3,Kid Rock,-1.395,0.000,98
3,Kid Rock,-1.395,0.000,103
3,Kid Rock,-1.527,0.000,138
3,Lopez Obrador,0.423,0.000,87
3,Lopez Obrador,0.709,0.000,127
3,Los Angeles,1.597,0.000,220
3,Los Angeles,0.121,0.000,287
3,Los Angeles,-3.738,3.170,598
3,Los Angeles,1.786,0.016,83
3,Los Angeles,2.326,0.000,612
3,Los Angeles,-4.450,1.433,562
3,Los Angeles,1.105,0.008,105
3,Mikhail Gorbachev,-1.184,1.031,414
3,Mikhail Gorbachev,-2.001,0.000,126
3,Mikhail Gorbachev,-1.369,0.068,88
3,Ronald Reagan,-1.632,0.295,554
3,Ronald Reagan,-0.303,0.205,406
3,Ronald Reagan,-1.642,0.724,460
3,Ronald Reagan,-1.657,0.398,627
3,Ronald Reagan,-1.895,0.481,417
3,Ronald Reagan,-1.481,0.000,126
3,Ronald Reagan,-2.633,0.054,188
3,Ronald Reagan,-0.412,0.357,330
3,Ronald Reagan,-2.927,0.862,277
3,Ronald Reagan,-2.613,0.032,426
3,Ronald Reagan,-0.929,0.000,148
3,Ronald Reagan,-1.386,1.319,562
3,Ronald Reagan,-0.777,1.685,101
3,Ronald Reagan,-0.805,0.746,351
3,Saddam Hussein,-1.632,0.295,554
3,Saddam Hussein,0.621,0.929,325
3,Saddam Hussein,-2.904,2.546,627
3,Saddam Hussein,0.089,0.755,330
3,Saddam Hussein,-2.927,0.862,277
3,Saddam Hussein,-4.658,0.000,475
3,Saddam Hussein,-1.885,0.172,138
3,Theresa May,0.459,1.102,287
3,Theresa May,-0.016,3.571,579
3,Theresa May,-3.694,0.162,561
3,Theresa May,-0.048,1.536,330
3,Theresa May,-0.212,3.898,101
3,Theresa May,-2.268,0.527,168
3,Vladimir Putin,1.036,1.966,240
3,Vladimir Putin,-2.741,2.426,339
3,Vladimir Putin,-0.369,1.717,269
3,Vladimir Putin,-2.355,0.804,97
3,Vladimir Putin,-3.130,1.010,82
3,Vladimir Putin,-2.153,1.795,175
3,Vladimir Putin,-1.011,3.663,374
3,Vladimir Putin,-0.521,1.394,544
3,Vladimir Putin,-0.935,0.000,538
3,Vladimir Putin,-1.310,5.837,627
3,Vladimir Putin,0.222,4.872,94
3,Vladimir Putin,-0.546,2.218,95
3,Vladimir Putin,-3.448,0.119,2
3,Vladimir Putin,-3.162,1.815,313
3,Vladimir Putin,-3.695,0.727,617
3,Vladimir Putin,0.847,3.600,89
3,Vladimir Putin,0.656,2.883,104
3,Vladimir Putin,-0.968,4.099,477
3,Vladimir Putin,-1.894,0.037,227
3,Vladimir Putin,1.788,0.530,239
2,Angela Merkel,0.089,0.000,155
2,Angela Merkel,-0.270,0.000,320
2,Angela Merkel,-4.475,0.000,264
2,Angela Merkel,-1.135,1.397,579
2,Angela Merkel,-1.124,1.306,544
2,Angela Merkel,0.421,2.646,562
2,Angela Merkel,-0.280,0.396,138
2,Barack Obama,0.088,4.346,140
2,Barack Obama,0.457,4.471,339
2,Barack Obama,2.036,2.230,156
2,Barack Obama,-0.857,4.224,82
2,Barack Obama,1.667,0.738,591
2,Barack Obama,2.071,2.705,62
2,Barack Obama,2.884,5.729,141
2,Barack Obama,3.132,0.000,449
2,Barack Obama,-0.232,2.491,467
2,Barack Obama,2.036,2.230,151
2,Barack Obama,-2.075,0.958,182
2,Barack Obama,2.036,2.230,153
2,Barack Obama,1.321,0.000,436
2,Barack Obama,1.217,3.063,562
2,Barack Obama,2.712,2.192,101
2,Barack Obama,2.036,2.230,160
2,Barbara Bush,-2.204,1.392,488
2,Barbara Bush,-0.791,2.235,459
2,Barbara Bush,0.161,0.000,50
2,Barbara Bush,-2.049,0.000,543
2,Barbara Bush,0.000,0.000,561
2,Barbara Bush,0.530,0.000,614
2,Barbara Bush,-1.417,0.000,52
2,Barbara Bush,-4.444,0.000,63
2,Barbara Bush,2.631,2.637,89
2,Barbara Bush,1.901,0.821,436
2,Bill Clinton,1.594,2.854,156
2,Bill Clinton,4.040,0.000,488
2,Bill Clinton,-1.453,0.000,87
2,Bill Clinton,-1.671,3.479,459
2,Bill Clinton,0.161,0.000,50
2,Bill Clinton,1.667,0.738,591
2,Bill Clinton,4.014,1.016,538
2,Bill Clinton,-1.324,0.000,627
2,Bill Clinton,-1.425,0.000,555
2,Bill Clinton,-1.453,0.000,99
2,Bill Clinton,3.448,0.000,132
2,Bill Clinton,0.276,0.000,159
2,Bill Clinton,3.132,0.000,449
2,Bill Clinton,-0.058,2.246,467
2,Bill Clinton,-0.618,0.000,330
2,Bill Clinton,1.594,2.854,151
2,Bill Clinton,-0.793,1.404,617
2,Bill Clinton,1.594,2.854,153
2,Bill Clinton,1.128,4.763,89
2,Bill Clinton,-0.634,1.987,562
2,Bill Clinton,1.594,2.854,160
2,Bill Clinton,-1.131,0.000,105
2,Bill Clinton,-1.244,0.000,535
2,Donald Trump,-4.239,2.076,280
2,Donald Trump,3.945,0.011,453
2,Donald Trump,0.423,0.000,87
2,Donald Trump,-2.604,0.000,206
2,Donald Trump,-1.087,0.000,314
2,Donald Trump,-4.172,3.313,610
2,Donald Trump,0.436,0.617,416
2,Donald Trump,-1.756,0.590,417
2,Donald Trump,0.794,1.122,586
2,Donald Trump,1.163,0.000,2
2,Donald Trump,-0.589,2.888,330
2,Donald Trump,-0.861,0.000,151
2,Donald Trump,-0.569,1.334,92
2,George Bush,-3.114,2.123,282
2,George Bush,-4.131,0.000,459
2,George Bush,-5.193,0.000,591
2,George Bush,-5.841,0.000,627
2,George Bush,-2.386,0.000,125
2,George Bush,1.033,0.194,99
2,George Bush,-5.668,0.000,494
2,George Bush,-0.737,0.000,141
2,George Bush,0.530,0.000,614
2,George Bush,-0.794,0.000,166
2,George Bush,1.149,0.000,612
2,George Bush,-2.931,3.639,102
2,George Bush,-0.377,0.000,168
2,George Herbert Walker Bush,0.088,4.346,140
2,George Herbert Walker Bush,-1.547,0.361,554
2,George Herbert Walker Bush,-1.453,0.000,85
2,George Herbert Walker Bush,-1.361,0.864,97
2,George Herbert Walker Bush,-2.277,1.913,83
2,George Herbert Walker Bush,-0.980,0.053,459
2,George Herbert Walker Bush,0.087,0.123,325
2,George Herbert Walker Bush,1.102,3.573,555
2,George Herbert Walker Bush,0.000,0.000,561
2,George Herbert Walker Bush,-1.417,0.000,52
2,George Herbert Walker Bush,-1.137,0.214,129
2,George Herbert Walker Bush,0.999,4.244,126
2,George Herbert Walker Bush,-0.654,0.198,166
2,George Herbert Walker Bush,-1.989,0.000,133
2,George Herbert Walker Bush,-0.309,0.437,330
2,George Herbert Walker Bush,-1.397,0.000,182
2,George Herbert Walker Bush,1.128,4.763,89
2,George Herbert Walker Bush,-0.513,0.000,167
2,George Herbert Walker Bush,1.332,4.144,101
2,George Herbert Walker Bush,-0.169,0.294,168
2,George Hw Bush,-5.051,0.000,179
2,George Hw Bush,0.004,2.718,185
2,George Hw Bush,-1.993,0.000,467
2,George Hw Bush,3.745,0.000,505
2,Jamal Khashoggi,3.571,0.000,499
2,Jamal Khashoggi,0.411,0.000,156
2,Jamal Khashoggi,-2.573,0.000,609
2,Jamal Khashoggi,0.431,0.818,579
2,Jamal Khashoggi,1.667,0.000,459
2,Jamal Khashoggi,-0.363,0.230,544
2,Jamal Khashoggi,-1.835,0.252,99
2,Jamal Khashoggi,-1.800,0.301,95
2,Jamal Khashoggi,-3.388,0.000,619
2,Jamal Khashoggi,3.202,0.000,126
2,Jamal Khashoggi,0.411,0.000,151
2,Jamal Khashoggi,0.411,0.000,153
2,Jamal Khashoggi,-1.630,1.637,490
2,Jamal Khashoggi,-2.448,0.615,101
2,Jamal Khashoggi,-1.745,0.000,422
2,Jeb Bush,-2.985,0.000,140
2,Jeb Bush,0.511,0.000,339
2,Jeb Bush,-0.227,0.000,406
2,Jeb Bush,-4.110,0.205,269
2,Jeb Bush,0.951,0.253,97
2,Jeb Bush,-2.574,2.202,459
2,Jeb Bush,0.258,0.000,325
2,Jeb Bush,-1.857,0.000,125
2,Jeb Bush,0.941,0.064,99
2,Jeb Bush,0.000,0.000,561
2,Jeb Bush,-0.952,0.305,141
2,Jeb Bush,-0.654,0.198,166
2,Jeb Bush,-0.513,0.000,167
2,Jeb Bush,1.587,0.850,101
2,Jeb Bush,-0.169,0.294,168
2,Jim Mcgrath,-4.110,0.205,269
2,Jim Mcgrath,-1.453,0.000,85
2,Jim Mcgrath,-0.421,2.193,97
2,Jim Mcgrath,0.282,4.375,454
2,Jim Mcgrath,-3.717,0.152,414
2,Jim Mcgrath,-2.049,0.000,543
2,Jim Mcgrath,-1.082,0.342,627
2,Jim Mcgrath,-0.234,1.725,99
2,Jim Mcgrath,0.000,0.000,561
2,Jim Mcgrath,-1.652,0.685,141
2,Jim Mcgrath,-1.417,0.000,52
2,Jim Mcgrath,-0.882,0.574,129
2,Jim Mcgrath,-2.820,2.012,182
2,Jim Mcgrath,-1.826,0.000,423
2,Jim Mcgrath,-0.513,0.000,167
2,Jim Mcgrath,-1.760,0.688,104
2,Jim Mcgrath,-3.042,1.900,138
2,Jim Mcgrath,-3.563,3.280,535
2,John Adams,-1.547,0.361,554
2,John Adams,-4.110,0.205,269
2,John Adams,-1.453,0.000,85
2,John Adams,-1.657,1.011,459
2,John Adams,0.087,0.123,325
2,John Adams,-2.049,0.000,543
2,John Adams,0.132,0.693,538
2,John Adams,-1.436,0.159,627
2,John Adams,0.000,0.000,561
2,John Adams,-0.146,1.849,95
2,John Adams,-1.406,0.250,464
2,John Adams,-1.417,0.000,52
2,John Adams,1.530,0.000,467
2,John Adams,-0.309,0.437,330
2,John Adams,-2.820,2.012,182
2,John Adams,-0.748,0.768,88
2,John Adams,-0.366,2.160,101
2,John Adams,-1.760,0.688,104
2,Lopez Obrador,-3.030,0.000,15
2,Lopez Obrador,2.315,0.000,230
2,Lopez Obrador,-4.322,0.000,83
2,Lopez Obrador,4.615,0.000,141
2,Lopez Obrador,-3.009,0.000,564
2,Lopez Obrador,-2.303,0.000,617
2,Los Angeles,-8.218,0.000,499
2,Los Angeles,-1.637,0.000,406
2,Los Angeles,3.037,4.929,460
2,Los Angeles,2.341,0.589,591
2,Los Angeles,-1.925,1.007,543
2,Los Angeles,0.779,1.101,416
2,Los Angeles,6.593,0.000,449
2,Mikhail Gorbachev,-1.453,0.000,85
2,Mikhail Gorbachev,-1.361,0.864,97
2,Mikhail Gorbachev,-3.201,3.647,118
2,Mikhail Gorbachev,4.040,0.000,488
2,Mikhail Gorbachev,1.707,4.235,534
2,Mikhail Gorbachev,-1.979,0.610,460
2,Mikhail Gorbachev,4.520,0.022,619
2,Mikhail Gorbachev,3.099,5.425,141
2,Mikhail Gorbachev,0.530,0.000,614
2,Mikhail Gorbachev,-1.417,0.000,52
2,Mikhail Gorbachev,1.316,3.663,185
2,Mikhail Gorbachev,3.132,0.000,449
2,Mikhail Gorbachev,1.278,2.907,291
2,Mikhail Gorbachev,-0.058,2.246,467
2,Mikhail Gorbachev,0.884,0.000,330
2,Mikhail Gorbachev,1.184,4.352,101
2,Mikhail Gorbachev,1.376,3.748,104
2,Mikhail Gorbachev,-1.415,0.243,535
2,Ronald Reagan,-2.409,0.814,140
2,Ronald Reagan,-0.075,5.216,156
2,Ronald Reagan,-4.110,0.205,269
2,Ronald Reagan,-1.453,0.000,85
2,Ronald Reagan,-1.361,0.864,97
2,Ronald Reagan,-1.882,1.314,454
2,Ronald Reagan,-0.080,0.000,175
2,Ronald Reagan,0.087,0.123,325
2,Ronald Reagan,-2.049,0.000,543
2,Ronald Reagan,-0.691,1.201,62
2,Ronald Reagan,-1.406,0.250,464
2,Ronald Reagan,0.530,0.000,614
2,Ronald Reagan,-1.417,0.000,52
2,Ronald Reagan,-1.137,0.214,129
2,Ronald Reagan,0.276,0.000,159
2,Ronald Reagan,-4.918,2.318,521
2,Ronald Reagan,-0.075,5.216,151
2,Ronald Reagan,-2.820,2.012,182
2,Ronald Reagan,-0.814,3.201,313
2,Ronald Reagan,2.085,0.000,422
2,Ronald Reagan,0.176,4.860,160
2,Saddam Hussein,-2.409,0.814,140
2,Saddam Hussein,0.375,1.294,406
2,Saddam Hussein,-4.110,0.205,269
2,Saddam Hussein,-1.453,0.000,85
2,Saddam Hussein,-1.171,0.215,598
2,Saddam Hussein,-2.277,1.913,83
2,Saddam Hussein,-1.288,0.000,534
2,Saddam Hussein,-1.979,0.610,460
2,Saddam Hussein,-0.774,0.588,538
2,Saddam Hussein,-2.092,0.000,275
2,Saddam Hussein,-1.406,0.250,464
2,Saddam Hussein,-0.952,0.305,141
2,Saddam Hussein,-1.417,0.000,52
2,Saddam Hussein,-1.137,0.214,129
2,Saddam Hussein,-2.173,0.000,417
2,Saddam Hussein,-0.654,0.198,166
2,Saddam Hussein,-0.058,2.246,467
2,Saddam Hussein,-2.604,0.039,426
2,Saddam Hussein,-0.748,0.768,88
2,Saddam Hussein,-0.513,0.000,167
2,Saddam Hussein,-3.798,2.694,101
2,Saddam Hussein,-1.760,0.688,104
2,Saddam Hussein,-0.169,0.294,168
2,Theresa May,0.435,0.034,156
2,Theresa May,-0.721,4.031,82
2,Theresa May,-0.958,0.875,118
2,Theresa May,-1.735,2.823,230
2,Theresa May,-1.017,0.178,264
2,Theresa May,-2.848,0.000,459
2,Theresa May,-3.610,0.000,460
2,Theresa May,1.707,0.057,538
2,Theresa May,-1.835,0.252,99
2,Theresa May,-1.800,0.301,95
2,Theresa May,-0.196,3.153,464
2,Theresa May,-1.933,0.000,417
2,Theresa May,-3.289,0.000,63
2,Theresa May,-2.413,0.655,166
2,Theresa May,3.132,0.000,449
2,Theresa May,-0.868,0.000,188
2,Theresa May,0.435,0.034,151
2,Theresa May,-2.868,1.837,617
2,Theresa May,0.435,0.034,153
2,Vladimir Putin,1.185,0.000,147
2,Vladimir Putin,-1.060,0.000,222
2,Vladimir Putin,-1.751,1.443,280
2,Vladimir Putin,-2.573,0.000,609
2,Vladimir Putin,-1.932,0.000,325
2,Vladimir Putin,-3.882,0.000,555
2,Vladimir Putin,-1.673,0.260,125
2,Vladimir Putin,-4.827,1.528,416
2,Vladimir Putin,-1.801,0.338,215
2,Vladimir Putin,1.786,2.525,386
2,Vladimir Putin,-2.335,0.405,505
2,Vladimir Putin,-1.892,0.000,436
2,Vladimir Putin,-1.630,1.637,490
2,Vladimir Putin,0.890,0.000,573
1,Angela Merkel,-2.992,,140
1,Angela Merkel,0.060,,157
1,Angela Merkel,-0.495,,232
1,Angela Merkel,0.459,,156
1,Angela Merkel,-0.622,,118
1,Angela Merkel,-3.509,,488
1,Angela Merkel,-2.587,,454
1,Angela Merkel,-0.503,,230
1,Angela Merkel,-2.604,,206
1,Angela Merkel,-0.080,,175
1,Angela Merkel,-1.087,,314
1,Angela Merkel,-0.970,,460
1,Angela Merkel,-2.509,,591
1,Angela Merkel,2.579,,538
1,Angela Merkel,1.538,,429
1,Angela Merkel,-1.857,,125
1,Angela Merkel,4.798,,94
1,Angela Merkel,-2.123,,95
1,Angela Merkel,2.062,,141
1,Angela Merkel,-3.064,,52
1,Angela Merkel,0.000,,288
1,Angela Merkel,-5.021,,521
1,Angela Merkel,1.163,,2
1,Angela Merkel,0.459,,151
1,Angela Merkel,0.459,,153
1,Angela Merkel,-2.049,,505
1,Angela Merkel,0.719,,436
1,Angela Merkel,-2.216,,88
1,Angela Merkel,-0.472,,490
1,Angela Merkel,-2.298,,102
1,Angela Merkel,-2.123,,101
1,Angela Merkel,-2.656,,104
1,Angela Merkel,-1.437,,351
1,Angela Merkel,-1.361,,573
1,Angela Merkel,-0.493,,228
1,Angela Merkel,0.459,,160
1,Angela Merkel,-1.698,,105
1,Barack Obama,1.164,,499
1,Barack Obama,-0.540,,406
1,Barack Obama,0.374,,97
1,Barack Obama,-0.080,,175
1,Barack Obama,4.107,,579
1,Barack Obama,-3.629,,83
1,Barack Obama,0.161,,50
1,Barack Obama,0.127,,610
1,Barack Obama,-0.840,,627
1,Barack Obama,-1.425,,555
1,Barack Obama,1.906,,125
1,Barack Obama,4.536,,619
1,Barack Obama,-1.082,,297
1,Barack Obama,1.445,,52
1,Barack Obama,-1.339,,417
1,Barack Obama,-0.661,,288
1,Barack Obama,-1.739,,215
1,Barack Obama,0.857,,2
1,Barack Obama,1.449,,313
1,Barack Obama,-1.786,,617
1,Barack Obama,-0.746,,475
1,Barack Obama,6.452,,148
1,Barack Obama,4.496,,89
1,Barack Obama,1.124,,490
1,Barack Obama,0.374,,92
1,Barack Obama,4.026,,104
1,Barack Obama,-1.667,,351
1,Barack Obama,0.374,,103
1,Barack Obama,-1.407,,477
1,Barack Obama,1.399,,138
1,Barbara Bush,0.000,,147
1,Barbara Bush,1.164,,499
1,Barbara Bush,0.000,,232
1,Barbara Bush,-3.763,,156
1,Barbara Bush,-3.042,,280
1,Barbara Bush,-2.811,,454
1,Barbara Bush,0.000,,230
1,Barbara Bush,-0.080,,175
1,Barbara Bush,-1.639,,579
1,Barbara Bush,-1.288,,534
1,Barbara Bush,0.622,,538
1,Barbara Bush,-5.668,,494
1,Barbara Bush,-1.509,,416
1,Barbara Bush,-6.557,,521
1,Barbara Bush,-1.647,,467
1,Barbara Bush,-3.763,,151
1,Barbara Bush,1.117,,394
1,Barbara Bush,0.200,,617
1,Barbara Bush,-0.900,,475
1,Barbara Bush,6.452,,148
1,Barbara Bush,-1.291,,88
1,Barbara Bush,-4.608,,490
1,Barbara Bush,-0.358,,102
1,Barbara Bush,-2.867,,562
1,Barbara Bush,-1.667,,351
1,Barbara Bush,-4.566,,573
1,Barbara Bush,0.000,,228
1,Barbara Bush,-1.187,,103
1,Barbara Bush,-3.261,,160
1,Barbara Bush,-1.244,,535
1,Bill Clinton,1.164,,499
1,Bill Clinton,2.130,,82
1,Bill Clinton,-1.914,,320
1,Bill Clinton,-0.080,,175
1,Bill Clinton,4.107,,579
1,Bill Clinton,-3.629,,83
1,Bill Clinton,-1.901,,544
1,Bill Clinton,4.536,,619
1,Bill Clinton,-6.557,,521
1,Bill Clinton,1.149,,612
1,Bill Clinton,-4.132,,423
1,Bill Clinton,-0.900,,475
1,Bill Clinton,6.452,,148
1,Bill Clinton,-4.388,,436
1,Bill Clinton,0.374,,92
1,Bill Clinton,3.974,,64
1,Donald Trump,-1.802,,554
1,Donald Trump,-3.403,,540
1,Donald Trump,5.174,,455
1,Donald Trump,-3.030,,15
1,Donald Trump,0.161,,50
1,Donald Trump,-0.787,,530
1,Donald Trump,0.530,,614
1,Donald Trump,-5.663,,184
1,Donald Trump,-2.452,,273
1,Donald Trump,-3.009,,564
1,Donald Trump,0.000,,145
1,Donald Trump,0.374,,103
1,Donald Trump,-3.846,,186
1,George Bush,3.161,,140
1,George Bush,-1.802,,554
1,George Bush,1.887,,232
1,George Bush,3.612,,156
1,George Bush,1.170,,85
1,George Bush,2.130,,82
1,George Bush,1.170,,87
1,George Bush,1.961,,230
1,George Bush,-1.914,,320
1,George Bush,2.500,,374
1,George Bush,-2.123,,579
1,George Bush,-0.924,,83
1,George Bush,4.701,,534
1,George Bush,3.628,,555
1,George Bush,-5.376,,429
1,George Bush,3.612,,151
1,George Bush,-4.658,,475
1,George Bush,3.612,,153
1,George Bush,0.617,,562
1,George Bush,3.612,,160
1,George Herbert Walker Bush,-0.540,,406
1,George Herbert Walker Bush,-1.611,,119
1,George Herbert Walker Bush,-0.953,,454
1,George Herbert Walker Bush,-1.453,,87
1,George Herbert Walker Bush,-0.080,,175
1,George Herbert Walker Bush,-1.288,,534
1,George Herbert Walker Bush,0.161,,50
1,George Herbert Walker Bush,-1.548,,460
1,George Herbert Walker Bush,-1.901,,544
1,George Herbert Walker Bush,-1.453,,99
1,George Herbert Walker Bush,-1.721,,619
1,George Herbert Walker Bush,-1.168,,141
1,George Herbert Walker Bush,-1.082,,297
1,George Herbert Walker Bush,-0.661,,288
1,George Herbert Walker Bush,0.276,,159
1,George Herbert Walker Bush,-3.079,,521
1,George Herbert Walker Bush,-2.576,,426
1,George Herbert Walker Bush,-0.900,,475
1,George Herbert Walker Bush,-1.291,,88
1,George Herbert Walker Bush,-0.358,,102
1,George Herbert Walker Bush,-0.949,,562
1,George Herbert Walker Bush,2.085,,422
1,George Herbert Walker Bush,-1.187,,103
1,George Herbert Walker Bush,-1.407,,477
1,George Herbert Walker Bush,-1.131,,105
1,George Herbert Walker Bush,-1.244,,535
1,George Hw Bush,-1.667,,453
1,George Hw Bush,-6.803,,178
1,George Hw Bush,-1.351,,429
1,George Hw Bush,0.000,,145
1,Jamal Khashoggi,1.133,,140
1,Jamal Khashoggi,-3.403,,540
1,Jamal Khashoggi,-1.304,,487
1,Jamal Khashoggi,-2.013,,85
1,Jamal Khashoggi,-2.771,,280
1,Jamal Khashoggi,-2.383,,230
1,Jamal Khashoggi,-1.143,,264
1,Jamal Khashoggi,-3.189,,175
1,Jamal Khashoggi,-1.972,,591
1,Jamal Khashoggi,-3.507,,561
1,Jamal Khashoggi,-0.584,,494
1,Jamal Khashoggi,-0.247,,416
1,Jamal Khashoggi,-2.013,,94
1,Jamal Khashoggi,-2.452,,273
1,Jamal Khashoggi,-1.381,,127
1,Jamal Khashoggi,-9.234,,575
1,Jamal Khashoggi,-1.062,,159
1,Jamal Khashoggi,-2.305,,449
1,Jamal Khashoggi,-2.019,,426
1,Jamal Khashoggi,-4.167,,617
1,Jamal Khashoggi,-3.838,,148
1,Jamal Khashoggi,-2.621,,505
1,Jamal Khashoggi,-1.949,,167
1,Jamal Khashoggi,-2.298,,102
1,Jamal Khashoggi,-1.613,,100
1,Jamal Khashoggi,-1.513,,92
1,Jamal Khashoggi,-1.587,,103
1,Jamal Khashoggi,-1.698,,105
1,Jeb Bush,0.000,,147
1,Jeb Bush,1.164,,499
1,Jeb Bush,0.000,,232
1,Jeb Bush,3.612,,156
1,Jeb Bush,-0.079,,598
1,Jeb Bush,-3.042,,280
1,Jeb Bush,-2.811,,454
1,Jeb Bush,0.000,,230
1,Jeb Bush,-0.080,,175
1,Jeb Bush,-1.583,,460
1,Jeb Bush,0.622,,538
1,Jeb Bush,-1.509,,416
1,Jeb Bush,0.530,,614
1,Jeb Bush,0.667,,129
1,Jeb Bush,-1.739,,215
1,Jeb Bush,3.612,,151
1,Jeb Bush,2.706,,182
1,Jeb Bush,-0.900,,475
1,Jeb Bush,3.612,,153
1,Jeb Bush,1.515,,436
1,Jeb Bush,-0.358,,102
1,Jeb Bush,-2.867,,562
1,Jeb Bush,-3.846,,104
1,Jeb Bush,-1.667,,351
1,Jeb Bush,0.000,,228
1,Jeb Bush,3.612,,160
1,Jim Mcgrath,3.161,,140
1,Jim Mcgrath,0.000,,147
1,Jim Mcgrath,0.000,,232
1,Jim Mcgrath,-2.704,,339
1,Jim Mcgrath,-3.763,,156
1,Jim Mcgrath,0.312,,82
1,Jim Mcgrath,-0.079,,598
1,Jim Mcgrath,-3.042,,280
1,Jim Mcgrath,-1.453,,87
1,Jim Mcgrath,0.000,,230
1,Jim Mcgrath,-0.080,,175
1,Jim Mcgrath,-1.288,,534
1,Jim Mcgrath,-1.901,,544
1,Jim Mcgrath,0.622,,538
1,Jim Mcgrath,0.000,,369
1,Jim Mcgrath,-0.513,,166
1,Jim Mcgrath,-1.444,,127
1,Jim Mcgrath,0.276,,159
1,Jim Mcgrath,-6.557,,521
1,Jim Mcgrath,-2.602,,188
1,Jim Mcgrath,0.000,,330
1,Jim Mcgrath,-3.763,,151
1,Jim Mcgrath,2.332,,617
1,Jim Mcgrath,0.000,,386
1,Jim Mcgrath,-2.239,,89
1,Jim Mcgrath,-1.291,,88
1,Jim Mcgrath,-2.867,,562
1,Jim Mcgrath,-1.667,,351
1,Jim Mcgrath,0.000,,228
1,Jim Mcgrath,0.039,,168
1,Jim Mcgrath,-3.261,,160
1,Jim Mcgrath,-1.131,,105
1,John Adams,-0.540,,406
1,John Adams,-1.972,,97
1,John Adams,-1.220,,488
1,John Adams,-0.953,,454
1,John Adams,-1.453,,87
1,John Adams,-0.080,,175
1,John Adams,-0.924,,83
1,John Adams,-1.288,,534
1,John Adams,-1.548,,460
1,John Adams,-2.203,,591
1,John Adams,-1.901,,544
1,John Adams,-1.193,,125
1,John Adams,-1.453,,99
1,John Adams,0.000,,416
1,John Adams,-1.540,,62
1,John Adams,-1.721,,619
1,John Adams,-2.137,,141
1,John Adams,0.530,,614
1,John Adams,-1.288,,129
1,John Adams,-0.794,,166
1,John Adams,-1.444,,127
1,John Adams,0.276,,159
1,John Adams,-1.826,,423
1,John Adams,-2.239,,89
1,John Adams,-0.358,,102
1,John Adams,-0.949,,562
1,John Adams,2.085,,422
1,John Adams,-0.377,,168
1,John Adams,-1.131,,105
1,John Adams,-1.244,,535
1,Los Angeles,-0.450,,85
1,Los Angeles,-1.812,,82
1,Los Angeles,0.955,,280
1,Los Angeles,-0.450,,87
1,Los Angeles,1.863,,322
1,Los Angeles,2.109,,126
1,Los Angeles,0.225,,166
1,Los Angeles,-9.234,,575
1,Los Angeles,2.419,,330
1,Los Angeles,-2.889,,200
1,Los Angeles,-2.381,,102
1,Los Angeles,0.373,,573
1,Los Angeles,1.359,,160
1,Mikhail Gorbachev,-1.834,,140
1,Mikhail Gorbachev,-1.292,,554
1,Mikhail Gorbachev,-1.102,,339
1,Mikhail Gorbachev,-0.424,,156
1,Mikhail Gorbachev,2.130,,82
1,Mikhail Gorbachev,-0.079,,598
1,Mikhail Gorbachev,-1.611,,119
1,Mikhail Gorbachev,-1.453,,87
1,Mikhail Gorbachev,2.370,,205
1,Mikhail Gorbachev,-0.080,,175
1,Mikhail Gorbachev,4.107,,579
1,Mikhail Gorbachev,-1.017,,459
1,Mikhail Gorbachev,2.597,,538
1,Mikhail Gorbachev,-1.324,,627
1,Mikhail Gorbachev,-1.453,,99
1,Mikhail Gorbachev,3.984,,62
1,Mikhail Gorbachev,-1.453,,95
1,Mikhail Gorbachev,-1.288,,129
1,Mikhail Gorbachev,-1.339,,417
1,Mikhail Gorbachev,-0.794,,166
1,Mikhail Gorbachev,-0.661,,288
1,Mikhail Gorbachev,-1.739,,215
1,Mikhail Gorbachev,-0.424,,151
1,Mikhail Gorbachev,-2.632,,426
1,Mikhail Gorbachev,-1.397,,182
1,Mikhail Gorbachev,-0.424,,153
1,Mikhail Gorbachev,6.452,,148
1,Mikhail Gorbachev,4.496,,89
1,Mikhail Gorbachev,0.617,,562
1,Mikhail Gorbachev,-1.187,,103
1,Mikhail Gorbachev,-0.377,,168
1,Mikhail Gorbachev,-1.699,,138
1,Mikhail Gorbachev,-0.424,,160
1,Mikhail Gorbachev,-1.131,,105
1,Ronald Reagan,0.000,,147
1,Ronald Reagan,-1.295,,117
1,Ronald Reagan,1.154,,540
1,Ronald Reagan,1.164,,499
1,Ronald Reagan,0.000,,232
1,Ronald Reagan,-0.763,,287
1,Ronald Reagan,-3.042,,280
1,Ronald Reagan,-1.220,,488
1,Ronald Reagan,-1.453,,87
1,Ronald Reagan,0.000,,230
1,Ronald Reagan,-1.914,,320
1,Ronald Reagan,-1.639,,579
1,Ronald Reagan,-0.924,,83
1,Ronald Reagan,-1.288,,534
1,Ronald Reagan,0.161,,50
1,Ronald Reagan,-1.961,,582
1,Ronald Reagan,-1.901,,544
1,Ronald Reagan,-1.425,,555
1,Ronald Reagan,-1.453,,99
1,Ronald Reagan,-5.668,,494
1,Ronald Reagan,0.000,,416
1,Ronald Reagan,-1.721,,619
1,Ronald Reagan,-1.739,,215
1,Ronald Reagan,0.200,,617
1,Ronald Reagan,-1.826,,423
1,Ronald Reagan,-0.900,,475
1,Ronald Reagan,3.612,,153
1,Ronald Reagan,-2.239,,89
1,Ronald Reagan,-0.358,,102
1,Ronald Reagan,0.000,,228
1,Ronald Reagan,-1.187,,103
1,Ronald Reagan,-1.407,,477
1,Ronald Reagan,3.974,,64
1,Ronald Reagan,-3.200,,276
1,Ronald Reagan,-2.374,,278
1,Ronald Reagan,-1.131,,105
1,Ronald Reagan,-1.244,,535
1,Saddam Hussein,1.164,,499
1,Saddam Hussein,-1.972,,97
1,Saddam Hussein,-3.586,,336
1,Saddam Hussein,-1.220,,488
1,Saddam Hussein,-5.839,,455
1,Saddam Hussein,-0.953,,454
1,Saddam Hussein,-1.453,,87
1,Saddam Hussein,-1.914,,320
1,Saddam Hussein,-6.803,,178
1,Saddam Hussein,-5.051,,179
1,Saddam Hussein,-0.942,,459
1,Saddam Hussein,-5.193,,591
1,Saddam Hussein,-1.901,,544
1,Saddam Hussein,-4.589,,551
1,Saddam Hussein,-1.425,,555
1,Saddam Hussein,-1.453,,99
1,Saddam Hussein,0.000,,416
1,Saddam Hussein,-1.540,,62
1,Saddam Hussein,-1.721,,619
1,Saddam Hussein,-9.234,,575
1,Saddam Hussein,-2.533,,335
1,Saddam Hussein,0.857,,2
1,Saddam Hussein,-1.397,,182
1,Saddam Hussein,-4.132,,423
1,Saddam Hussein,-2.239,,89
1,Saddam Hussein,1.321,,436
1,Saddam Hussein,-0.949,,562
1,Saddam Hussein,2.085,,422
1,Saddam Hussein,-1.407,,477
1,Saddam Hussein,-3.200,,276
1,Saddam Hussein,-2.374,,278
1,Saddam Hussein,-1.131,,105
1,Saddam Hussein,-1.244,,535
1,Theresa May,-3.403,,540
1,Theresa May,-1.304,,487
1,Theresa May,3.571,,499
1,Theresa May,-2.013,,85
1,Theresa May,-2.013,,97
1,Theresa May,-2.899,,407
1,Theresa May,-4.296,,119
1,Theresa May,-0.080,,175
1,Theresa May,-1.376,,83
1,Theresa May,4.701,,534
1,Theresa May,-0.201,,544
1,Theresa May,4.437,,627
1,Theresa May,-0.584,,494
1,Theresa May,3.984,,62
1,Theresa May,0.000,,288
1,Theresa May,-2.174,,159
1,Theresa May,-2.239,,2
1,Theresa May,-1.394,,612
1,Theresa May,-2.787,,490
1,Theresa May,-1.949,,167
1,Theresa May,-2.298,,102
1,Theresa May,-2.239,,562
1,Theresa May,-1.613,,100
1,Theresa May,-3.182,,573
1,Theresa May,-1.587,,103
1,Theresa May,0.459,,160
1,Theresa May,4.286,,556
1,Vladimir Putin,-2.992,,140
1,Vladimir Putin,2.821,,244
1,Vladimir Putin,3.571,,499
1,Vladimir Putin,-0.735,,232
1,Vladimir Putin,-4.900,,85
1,Vladimir Putin,-1.611,,119
1,Vladimir Putin,0.000,,319
1,Vladimir Putin,-2.604,,206
1,Vladimir Putin,-2.509,,591
1,Vladimir Putin,0.000,,582
1,Vladimir Putin,-1.493,,256
1,Vladimir Putin,-3.668,,99
1,Vladimir Putin,-3.507,,561
1,Vladimir Putin,-0.584,,494
1,Vladimir Putin,-3.064,,52
1,Vladimir Putin,-2.452,,273
1,Vladimir Putin,1.224,,564
1,Vladimir Putin,-4.498,,622
1,Vladimir Putin,-1.062,,159
1,Vladimir Putin,-3.676,,188
1,Vladimir Putin,4.167,,242
1,Vladimir Putin,-5.185,,151
1,Vladimir Putin,-2.019,,426
1,Vladimir Putin,-5.185,,153
1,Vladimir Putin,-2.216,,88
1,Vladimir Putin,6.250,,102
1,Vladimir Putin,-0.790,,422
1,Vladimir Putin,-3.688,,100
1,Vladimir Putin,-1.437,,351
1,Vladimir Putin,-0.730,,228
1,Vladimir Putin,0.932,,138
1,Vladimir Putin,-5.185,,160
1,Vladimir Putin,-1.698,,105
